solid OpenSCAD_Model
  facet normal 0.2588190451025188 0.1511040899040704 -0.954033676505438
    outer loop
      vertex 64.5400341659452 17.36927762584219 35.5396867805666
      vertex 64.61169369528741 18.110237659948222 35.6764837781776
      vertex 65.71191480798313 13.175062968300988 35.19330701632794
    endloop
  endfacet
  facet normal 0.2588190451025282 0.15110408990407279 -0.9540336765054352
    outer loop
      vertex 64.5400341659452 17.36927762584219 35.5396867805666
      vertex 65.71191480798313 13.175062968300988 35.19330701632794
      vertex 64.32780941344404 16.662799701997738 35.370217383949985
    endloop
  endfacet
  facet normal 0.25881904510251996 0.15110408990406968 -0.9540336765054379
    outer loop
      vertex 64.32780941344404 16.662799701997738 35.370217383949985
      vertex 65.71191480798313 13.175062968300988 35.19330701632794
      vertex 63.98317511600555 16.017953438830823 35.17458820220021
    endloop
  endfacet
  facet normal 0.2588190451025221 0.15110408990407104 -0.954033676505437
    outer loop
      vertex 63.98317511600555 16.017953438830823 35.17458820220021
      vertex 65.71191480798313 13.175062968300988 35.19330701632794
      vertex 63.51937537640714 15.459519916600996 34.96031715506181
    endloop
  endfacet
  facet normal 0.2588190451025182 0.1511040899040703 -0.9540336765054384
    outer loop
      vertex 64.61169369528741 18.110237659948222 35.6764837781776
      vertex 64.5400341659452 18.85720512574031 35.77535134488144
      vertex 65.71191480798313 13.175062968300988 35.19330701632794
    endloop
  endfacet
  facet normal 0.2588190451025279 0.15110408990407204 -0.9540336765054355
    outer loop
      vertex 64.5400341659452 18.85720512574031 35.77535134488144
      vertex 65.71191480798315 23.00256195722261 36.74982994347823
      vertex 65.71191480798313 13.175062968300988 35.19330701632794
    endloop
  endfacet
  facet normal 0.25881904510251896 0.15110408990407498 -0.9540336765054374
    outer loop
      vertex 64.5400341659452 18.85720512574031 35.77535134488144
      vertex 64.32780941344404 19.581474482412247 35.832490055535274
      vertex 65.71191480798315 23.00256195722261 36.74982994347823
    endloop
  endfacet
  facet normal 0.25881904510251863 0.15110408990407517 -0.9540336765054375
    outer loop
      vertex 64.32780941344404 19.581474482412247 35.832490055535274
      vertex 63.98317511600555 20.255212464762067 35.84570410153242
      vertex 65.71191480798315 23.00256195722261 36.74982994347823
    endloop
  endfacet
  facet normal 0.25881904510251585 0.15110408990407698 -0.9540336765054378
    outer loop
      vertex 65.71191480798315 23.00256195722261 36.74982994347823
      vertex 63.98317511600555 20.255212464762067 35.84570410153242
      vertex 63.51937537640714 20.852527699964682 35.814485674495735
    endloop
  endfacet
  facet normal 0.25881904510252707 0.15110408990407595 -0.954033676505435
    outer loop
      vertex 63.51937537640714 15.459519916600996 34.96031715506181
      vertex 65.71191480798313 13.175062968300988 35.19330701632794
      vertex 62.9542337585397 15.008959422394428 34.73563855871171
    endloop
  endfacet
  facet normal 0.25881904510251863 0.1511040899040622 -0.9540336765054394
    outer loop
      vertex 62.9542337585397 15.008959422394428 34.73563855871171
      vertex 65.71191480798313 13.175062968300988 35.19330701632794
      vertex 62.309468337842794 14.683586743326236 34.509186685606466
    endloop
  endfacet
  facet normal 0.2588190451025244 0.15110408990407692 -0.9540336765054356
    outer loop
      vertex 62.309468337842794 14.683586743326236 34.509186685606466
      vertex 65.71191480798313 13.175062968300988 35.19330701632794
      vertex 61.6098570878452 14.495905768981913 34.28966395423381
    endloop
  endfacet
  facet normal 0.2588190451025245 0.15110408990406796 -0.9540336765054369
    outer loop
      vertex 65.71191480798315 23.00256195722261 36.74982994347823
      vertex 63.51937537640714 20.852527699964682 35.814485674495735
      vertex 62.9542337585397 21.35046569850949 35.74003448106873
    endloop
  endfacet
  facet normal 0.2588190451025183 0.1511040899040784 -0.9540336765054369
    outer loop
      vertex 65.71191480798315 23.00256195722261 36.74982994347823
      vertex 62.9542337585397 21.35046569850949 35.74003448106873
      vertex 62.309468337842794 21.729890982359265 35.62521163886212
    endloop
  endfacet
  facet normal 0.25881904510252246 0.1511040899040674 -0.9540336765054376
    outer loop
      vertex 65.71191480798315 23.00256195722261 36.74982994347823
      vertex 62.309468337842794 21.729890982359265 35.62521163886212
      vertex 61.6098570878452 21.976222450639817 35.47442972530849
    endloop
  endfacet
  facet normal 0.2588190451025188 0.15110408990407975 -0.9540336765054366
    outer loop
      vertex 65.71191480798315 23.00256195722261 36.74982994347823
      vertex 61.6098570878452 21.976222450639817 35.47442972530849
      vertex 60.88228567653781 22.079993723169395 35.29348320478625
    endloop
  endfacet
  facet normal 0.258819045102522 0.15110408990406807 -0.9540336765054377
    outer loop
      vertex 61.6098570878452 14.495905768981913 34.28966395423381
      vertex 65.71191480798313 13.175062968300988 35.19330701632794
      vertex 56.05265654509247 13.57994515692935 32.636981484610665
    endloop
  endfacet
  facet normal 0.25881904510252185 0.15110408990406915 -0.9540336765054376
    outer loop
      vertex 61.6098570878452 14.495905768981913 34.28966395423381
      vertex 56.05265654509247 13.57994515692935 32.636981484610665
      vertex 60.88228567653781 14.453128973952808 34.08550650005064
    endloop
  endfacet
  facet normal 0.2588190451025166 0.15110408990408875 -0.9540336765054359
    outer loop
      vertex 65.71191480798315 23.00256195722261 36.74982994347823
      vertex 60.88228567653781 22.079993723169395 35.29348320478625
      vertex 60.15471426523042 22.037216928140285 35.08932575060308
    endloop
  endfacet
  facet normal 0.25881904510252096 0.15110408990406965 -0.9540336765054378
    outer loop
      vertex 65.71191480798315 23.00256195722261 36.74982994347823
      vertex 60.15471426523042 22.037216928140285 35.08932575060308
      vertex 56.05265654509247 23.40744414585097 34.19350441176096
    endloop
  endfacet
  facet normal 0.9659258262891356 -0.040488218862540074 0.2556325531715194
    outer loop
      vertex 65.71191480798315 13.12567855127123 35.18548529307593
      vertex 65.71191480798313 13.175062968300988 35.19330701632794
      vertex 63.12372435695794 21.491521058181874 46.2901667085326
    endloop
  endfacet
  facet normal 0.9659258262890683 -0.04048821886283738 0.25563255317172645
    outer loop
      vertex 65.71191480798315 23.00256195722261 36.74982994347823
      vertex 63.12372435695794 21.491521058181874 46.2901667085326
      vertex 65.71191480798313 13.175062968300988 35.19330701632794
    endloop
  endfacet
  facet normal 0.9659258262890681 -0.04048821886276323 0.2556325531717393
    outer loop
      vertex 65.71191480798315 13.12567855127123 35.18548529307593
      vertex 63.123724356957936 11.664022069260017 44.73364378138228
      vertex 63.12372435695794 11.614637652230497 44.72582205813029
    endloop
  endfacet
  facet normal 0.9659258262890682 -0.04048821886283675 0.2556325531717271
    outer loop
      vertex 65.71191480798315 13.12567855127123 35.18548529307593
      vertex 63.12372435695794 21.491521058181874 46.2901667085326
      vertex 63.123724356957936 11.664022069260017 44.73364378138228
    endloop
  endfacet
  facet normal -0.25881904510252557 -0.15110408990407218 0.9540336765054361
    outer loop
      vertex 63.12372435695794 21.491521058181874 46.2901667085326
      vertex 61.94237005659613 15.860560713656543 45.07782152766913
      vertex 63.123724356957936 11.664022069260017 44.73364378138228
    endloop
  endfacet
  facet normal -3.3750779948604764e-16 0.9876883405951377 0.15643446504023106
    outer loop
      vertex 65.71191480798315 23.00256195722261 36.74982994347823
      vertex 56.05265654509247 23.40744414585097 34.19350441176096
      vertex 63.12372435695794 21.491521058181874 46.2901667085326
    endloop
  endfacet
  facet normal -0.25881904510252063 -0.1511040899040713 0.9540336765054374
    outer loop
      vertex 61.73069497141051 15.155912584967014 44.90879106094739
      vertex 61.38695328525736 14.512736489441846 44.713668563577755
      vertex 63.123724356957936 11.664022069260017 44.73364378138228
    endloop
  endfacet
  facet normal -0.2588190451025175 -0.15110408990407004 0.9540336765054385
    outer loop
      vertex 61.94237005659613 15.860560713656543 45.07782152766913
      vertex 61.73069497141051 15.155912584967014 44.90879106094739
      vertex 63.123724356957936 11.664022069260017 44.73364378138228
    endloop
  endfacet
  facet normal -0.2588190451025265 -0.1511040899040749 0.9540336765054352
    outer loop
      vertex 61.38695328525736 14.512736489441846 44.713668563577755
      vertex 60.92435479836301 13.95574932373476 44.49995248370819
      vertex 63.123724356957936 11.664022069260017 44.73364378138228
    endloop
  endfacet
  facet normal -0.2588190451025199 -0.15110408990406646 0.9540336765054385
    outer loop
      vertex 60.360676911150584 13.506355792261878 44.275855810434734
      vertex 59.71758144871145 13.181825836414909 44.04999045323642
      vertex 63.123724356957936 11.664022069260017 44.73364378138228
    endloop
  endfacet
  facet normal -0.2588190451025227 -0.15110408990407106 0.954033676505437
    outer loop
      vertex 60.92435479836301 13.95574932373476 44.49995248370819
      vertex 60.360676911150584 13.506355792261878 44.275855810434734
      vertex 63.123724356957936 11.664022069260017 44.73364378138228
    endloop
  endfacet
  facet normal -0.25881904510250225 -0.151104089904078 0.9540336765054414
    outer loop
      vertex 63.12372435695794 21.491521058181874 46.2901667085326
      vertex 62.013843985999316 16.599601643096115 45.214264217700254
      vertex 61.94237005659613 15.860560713656543 45.07782152766913
    endloop
  endfacet
  facet normal -0.2588190451025249 -0.1511040899040719 0.9540336765054362
    outer loop
      vertex 63.12372435695794 21.491521058181874 46.2901667085326
      vertex 61.94237005659613 17.344634444826298 45.3128757149808
      vertex 62.013843985999316 16.599601643096115 45.214264217700254
    endloop
  endfacet
  facet normal -0.2588190451025232 -0.15110408990407245 0.9540336765054366
    outer loop
      vertex 63.12372435695794 21.491521058181874 46.2901667085326
      vertex 61.73069497141051 18.067027926095808 45.36986643497224
      vertex 61.94237005659613 17.344634444826298 45.3128757149808
    endloop
  endfacet
  facet normal -0.2588190451025155 -0.15110408990407598 0.954033676505438
    outer loop
      vertex 63.12372435695794 21.491521058181874 46.2901667085326
      vertex 61.38695328525736 18.73902091054239 45.38304625626607
      vertex 61.73069497141051 18.067027926095808 45.36986643497224
    endloop
  endfacet
  facet normal -0.2588190451025243 -0.15110408990407007 0.9540336765054367
    outer loop
      vertex 63.12372435695794 21.491521058181874 46.2901667085326
      vertex 60.92435479836301 19.334789084631772 45.35190868572129
      vertex 61.38695328525736 18.73902091054239 45.38304625626607
    endloop
  endfacet
  facet normal -0.25881904510251813 -0.1511040899040767 0.9540336765054374
    outer loop
      vertex 63.12372435695794 21.491521058181874 46.2901667085326
      vertex 60.360676911150584 19.831437411544336 45.2776503227118
      vertex 60.92435479836301 19.334789084631772 45.35190868572129
    endloop
  endfacet
  facet normal -0.2588190451025194 -0.1511040899040744 0.9540336765054371
    outer loop
      vertex 63.12372435695794 21.491521058181874 46.2901667085326
      vertex 59.71758144871145 20.209879974600423 45.16312487448347
      vertex 60.360676911150584 19.831437411544336 45.2776503227118
    endloop
  endfacet
  facet normal -0.25881904510252046 -0.1511040899040679 0.9540336765054381
    outer loop
      vertex 59.71758144871145 13.181825836414909 44.04999045323642
      vertex 59.01978220901505 12.994630960398553 43.83103629112362
      vertex 63.123724356957936 11.664022069260017 44.73364378138228
    endloop
  endfacet
  facet normal -0.25881904510252396 -0.15110408990408056 0.954033676505435
    outer loop
      vertex 59.01978220901505 12.994630960398553 43.83103629112362
      vertex 58.2940952255126 12.951964958318024 43.627407609755416
      vertex 63.123724356957936 11.664022069260017 44.73364378138228
    endloop
  endfacet
  facet normal -0.2588190451025184 -0.15110408990405516 0.9540336765054406
    outer loop
      vertex 58.2940952255126 12.951964958318024 43.627407609755416
      vertex 57.56840824201016 13.05546746070591 43.446929745160524
      vertex 63.123724356957936 11.664022069260017 44.73364378138228
    endloop
  endfacet
  facet normal -0.25881904510252396 -0.15110408990406293 0.9540336765054379
    outer loop
      vertex 63.12372435695794 21.491521058181874 46.2901667085326
      vertex 59.01978220901505 20.455573438334824 45.012733489785106
      vertex 59.71758144871145 20.209879974600423 45.16312487448347
    endloop
  endfacet
  facet normal 0.2588190451025174 0.1511040899040896 -0.9540336765054355
    outer loop
      vertex 60.88228567653781 14.453128973952808 34.08550650005064
      vertex 56.05265654509247 13.57994515692935 32.636981484610665
      vertex 60.15471426523042 14.556900246482385 33.9045599795284
    endloop
  endfacet
  facet normal 0.25881904510252257 0.15110408990407043 -0.9540336765054371
    outer loop
      vertex 60.15471426523042 14.556900246482385 33.9045599795284
      vertex 56.05265654509247 13.57994515692935 32.636981484610665
      vertex 59.45510301523282 14.803231714762934 33.75377806597477
    endloop
  endfacet
  facet normal 0.2588190451025231 0.15110408990406873 -0.9540336765054374
    outer loop
      vertex 59.45510301523282 14.803231714762934 33.75377806597477
      vertex 56.05265654509247 13.57994515692935 32.636981484610665
      vertex 58.810337594535916 15.18265699861271 33.63895522376815
    endloop
  endfacet
  facet normal 0.25881904510251935 0.15110408990407528 -0.9540336765054372
    outer loop
      vertex 58.810337594535916 15.18265699861271 33.63895522376815
      vertex 56.05265654509247 13.57994515692935 32.636981484610665
      vertex 58.24519597666848 15.680594997157518 33.564504030341155
    endloop
  endfacet
  facet normal 0.25881904510252185 0.1511040899040748 -0.9540336765054366
    outer loop
      vertex 59.45510301523282 21.849535953795964 34.869803019230424
      vertex 58.810337594535916 21.524163274727773 34.64335114612517
      vertex 56.05265654509247 23.40744414585097 34.19350441176096
    endloop
  endfacet
  facet normal 0.2588190451025196 0.15110408990407118 -0.9540336765054378
    outer loop
      vertex 58.24519597666848 21.073602780521203 34.41867254977508
      vertex 56.05265654509247 23.40744414585097 34.19350441176096
      vertex 58.810337594535916 21.524163274727773 34.64335114612517
    endloop
  endfacet
  facet normal 0.25881904510252296 0.15110408990407145 -0.9540336765054368
    outer loop
      vertex 58.24519597666848 15.680594997157518 33.564504030341155
      vertex 56.05265654509247 13.57994515692935 32.636981484610665
      vertex 57.78139623707007 16.27791023236013 33.53328560330446
    endloop
  endfacet
  facet normal 0.25881904510252035 0.15110408990407326 -0.9540336765054374
    outer loop
      vertex 57.78139623707007 16.27791023236013 33.53328560330446
      vertex 56.05265654509247 13.57994515692935 32.636981484610665
      vertex 57.43676193963158 16.95164821470995 33.54649964930161
    endloop
  endfacet
  facet normal 0.2588190451025184 0.1511040899040741 -0.9540336765054376
    outer loop
      vertex 57.43676193963158 16.95164821470995 33.54649964930161
      vertex 56.05265654509247 13.57994515692935 32.636981484610665
      vertex 57.22453718713042 17.67591757138189 33.60363835995544
    endloop
  endfacet
  facet normal 0.2588190451025162 0.1511040899040726 -0.9540336765054385
    outer loop
      vertex 57.22453718713042 17.67591757138189 33.60363835995544
      vertex 56.05265654509247 23.40744414585097 34.19350441176096
      vertex 57.1528776577882 18.42288503717398 33.702505926659285
    endloop
  endfacet
  facet normal 0.2588190451025212 0.15110408990407279 -0.9540336765054372
    outer loop
      vertex 58.24519597666848 21.073602780521203 34.41867254977508
      vertex 57.78139623707007 20.51516925829138 34.20440150263668
      vertex 56.05265654509247 23.40744414585097 34.19350441176096
    endloop
  endfacet
  facet normal 0.25881904510253023 0.15110408990407528 -0.9540336765054342
    outer loop
      vertex 57.22453718713042 19.16384507128001 33.83930292427029
      vertex 57.1528776577882 18.42288503717398 33.702505926659285
      vertex 56.05265654509247 23.40744414585097 34.19350441176096
    endloop
  endfacet
  facet normal 0.25881904510252607 0.15110408990407426 -0.9540336765054356
    outer loop
      vertex 57.43676193963158 19.87032299512446 34.008772320886905
      vertex 57.22453718713042 19.16384507128001 33.83930292427029
      vertex 56.05265654509247 23.40744414585097 34.19350441176096
    endloop
  endfacet
  facet normal 0.2588190451025195 0.15110408990407181 -0.9540336765054377
    outer loop
      vertex 57.78139623707007 20.51516925829138 34.20440150263668
      vertex 57.43676193963158 19.87032299512446 34.008772320886905
      vertex 56.05265654509247 23.40744414585097 34.19350441176096
    endloop
  endfacet
  facet normal 0.25881904510252063 0.15110408990407337 -0.9540336765054371
    outer loop
      vertex 57.22453718713042 17.67591757138189 33.60363835995544
      vertex 56.05265654509247 13.57994515692935 32.636981484610665
      vertex 56.05265654509247 23.40744414585097 34.19350441176096
    endloop
  endfacet
  facet normal 0.25881904510252385 0.15110408990407984 -0.9540336765054351
    outer loop
      vertex 60.15471426523042 22.037216928140285 35.08932575060308
      vertex 59.45510301523282 21.849535953795964 34.869803019230424
      vertex 56.05265654509247 23.40744414585097 34.19350441176096
    endloop
  endfacet
  facet normal -0.9659258262890684 0.04048821886283616 -0.2556325531717265
    outer loop
      vertex 56.05265654509247 23.40744414585097 34.19350441176096
      vertex 56.05265654509247 13.57994515692935 32.636981484610665
      vertex 53.46446609406726 12.06890425788856 42.177318249665035
    endloop
  endfacet
  facet normal 8.881784197001255e-17 0.9876883405951378 0.15643446504023084
    outer loop
      vertex 63.12372435695794 21.491521058181874 46.2901667085326
      vertex 56.05265654509247 23.40744414585097 34.19350441176096
      vertex 53.46446609406726 21.896403246810237 43.73384117681533
    endloop
  endfacet
  facet normal -0.2588190451025212 -0.15110408990406884 0.9540336765054378
    outer loop
      vertex 57.56840824201016 13.05546746070591 43.446929745160524
      vertex 53.46446609406726 12.06890425788856 42.177318249665035
      vertex 63.123724356957936 11.664022069260017 44.73364378138228
    endloop
  endfacet
  facet normal -0.25881904510252096 -0.1511040899040733 0.954033676505437
    outer loop
      vertex 63.12372435695794 21.491521058181874 46.2901667085326
      vertex 53.46446609406726 21.896403246810237 43.73384117681533
      vertex 59.01978220901505 20.455573438334824 45.012733489785106
    endloop
  endfacet
  facet normal -0.25881904510251447 -0.1511040899040419 0.9540336765054438
    outer loop
      vertex 59.01978220901505 20.455573438334824 45.012733489785106
      vertex 53.46446609406726 21.896403246810237 43.73384117681533
      vertex 58.2940952255126 20.559075940722707 44.832255625190214
    endloop
  endfacet
  facet normal -0.258819045102519 -0.15110408990406227 0.9540336765054394
    outer loop
      vertex 58.2940952255126 20.559075940722707 44.832255625190214
      vertex 53.46446609406726 21.896403246810237 43.73384117681533
      vertex 57.56840824201016 20.516409938642177 44.62862694382202
    endloop
  endfacet
  facet normal -0.9659258262890683 0.04048821886283595 -0.25563255317172673
    outer loop
      vertex 56.05265654509247 23.40744414585097 34.19350441176096
      vertex 53.46446609406726 12.06890425788856 42.177318249665035
      vertex 53.46446609406726 21.896403246810237 43.73384117681533
    endloop
  endfacet
  facet normal -0.258819045102519 -0.15110408990407703 0.954033676505437
    outer loop
      vertex 56.870609002313756 13.30116092444031 43.296538360462165
      vertex 53.46446609406726 12.06890425788856 42.177318249665035
      vertex 57.56840824201016 13.05546746070591 43.446929745160524
    endloop
  endfacet
  facet normal -0.25881904510252396 -0.15110408990406415 0.9540336765054378
    outer loop
      vertex 56.870609002313756 13.30116092444031 43.296538360462165
      vertex 56.22751353987462 13.679603487496397 43.18201291223383
      vertex 53.46446609406726 12.06890425788856 42.177318249665035
    endloop
  endfacet
  facet normal -0.2588190451025172 -0.15110408990407562 0.9540336765054377
    outer loop
      vertex 56.22751353987462 13.679603487496397 43.18201291223383
      vertex 55.66383565266219 14.17625181440896 43.10775454922434
      vertex 53.46446609406726 12.06890425788856 42.177318249665035
    endloop
  endfacet
  facet normal -0.25881904510252124 -0.15110408990407123 0.9540336765054372
    outer loop
      vertex 55.66383565266219 14.17625181440896 43.10775454922434
      vertex 55.201237165767836 14.772019988498341 43.07661697867956
      vertex 53.46446609406726 12.06890425788856 42.177318249665035
    endloop
  endfacet
  facet normal -0.2588190451025171 -0.15110408990407412 0.9540336765054379
    outer loop
      vertex 55.201237165767836 14.772019988498341 43.07661697867956
      vertex 54.8574954796147 15.444012972944924 43.08979679997339
      vertex 53.46446609406726 12.06890425788856 42.177318249665035
    endloop
  endfacet
  facet normal -0.2588190451025209 -0.15110408990406887 0.9540336765054377
    outer loop
      vertex 57.56840824201016 20.516409938642177 44.62862694382202
      vertex 53.46446609406726 21.896403246810237 43.73384117681533
      vertex 56.870609002313756 20.329215062625824 44.40967278170922
    endloop
  endfacet
  facet normal -0.25881904510252385 -0.15110408990407612 0.9540336765054359
    outer loop
      vertex 56.22751353987462 20.00468510677885 44.183807424510896
      vertex 56.870609002313756 20.329215062625824 44.40967278170922
      vertex 53.46446609406726 21.896403246810237 43.73384117681533
    endloop
  endfacet
  facet normal -0.2588190451025317 -0.15110408990407714 0.9540336765054334
    outer loop
      vertex 55.201237165767836 18.998304409598887 43.74599467136788
      vertex 53.46446609406726 21.896403246810237 43.73384117681533
      vertex 54.8574954796147 18.355128314073717 43.55087217399824
    endloop
  endfacet
  facet normal -0.25881904510251724 -0.15110408990406848 0.9540336765054388
    outer loop
      vertex 55.66383565266219 19.555291575305972 43.95971075123744
      vertex 53.46446609406726 21.896403246810237 43.73384117681533
      vertex 55.201237165767836 18.998304409598887 43.74599467136788
    endloop
  endfacet
  facet normal -0.25881904510252196 -0.15110408990407312 0.9540336765054368
    outer loop
      vertex 56.22751353987462 20.00468510677885 44.183807424510896
      vertex 53.46446609406726 21.896403246810237 43.73384117681533
      vertex 55.66383565266219 19.555291575305972 43.95971075123744
    endloop
  endfacet
  facet normal -0.2588190451025187 -0.15110408990407334 0.9540336765054377
    outer loop
      vertex 54.8574954796147 15.444012972944924 43.08979679997339
      vertex 54.645820394429066 16.166406454214435 43.14678751996483
      vertex 53.46446609406726 12.06890425788856 42.177318249665035
    endloop
  endfacet
  facet normal -0.2588190451025231 -0.1511040899040719 0.9540336765054367
    outer loop
      vertex 54.645820394429066 16.166406454214435 43.14678751996483
      vertex 54.57434646502588 16.911439255944618 43.245399017245376
      vertex 53.46446609406726 12.06890425788856 42.177318249665035
    endloop
  endfacet
  facet normal -0.2588190451024991 -0.1511040899040786 0.9540336765054421
    outer loop
      vertex 54.57434646502588 16.911439255944618 43.245399017245376
      vertex 54.645820394429066 17.65048018538419 43.3818417072765
      vertex 53.46446609406726 12.06890425788856 42.177318249665035
    endloop
  endfacet
  facet normal -0.25881904510252257 -0.15110408990407243 0.9540336765054369
    outer loop
      vertex 54.645820394429066 17.65048018538419 43.3818417072765
      vertex 53.46446609406726 21.896403246810237 43.73384117681533
      vertex 53.46446609406726 12.06890425788856 42.177318249665035
    endloop
  endfacet
  facet normal -0.25881904510251214 -0.15110408990406982 0.95403367650544
    outer loop
      vertex 54.8574954796147 18.355128314073717 43.55087217399824
      vertex 53.46446609406726 21.896403246810237 43.73384117681533
      vertex 54.645820394429066 17.65048018538419 43.3818417072765
    endloop
  endfacet
  facet normal -0.0010858925724151346 -0.14024854466139708 -0.9901157339208793
    outer loop
      vertex 65.00824247456295 -29.65564492001375 32.08962797219558
      vertex 62.735198513130065 -25.905886159126297 31.56097267508349
      vertex 62.611507359948845 -25.166540923820726 31.4563810860383
    endloop
  endfacet
  facet normal -0.0010858925724385713 -0.14024854466140915 -0.9901157339208776
    outer loop
      vertex 65.00824247456295 -29.65564492001375 32.08962797219558
      vertex 62.611507359948845 -25.166540923820726 31.4563810860383
      vertex 62.344517750743556 -24.465272272673356 31.357340153400852
    endloop
  endfacet
  facet normal -0.0010858925724208644 -0.14024854466140033 -0.9901157339208787
    outer loop
      vertex 65.00824247456295 -29.65564492001375 32.08962797219558
      vertex 62.71083782863725 -26.654895355826852 31.667095524425065
      vertex 62.735198513130065 -25.905886159126297 31.56097267508349
    endloop
  endfacet
  facet normal -0.0010858925724245374 -0.14024854466140324 -0.9901157339208783
    outer loop
      vertex 65.00824247456295 -29.65564492001375 32.08962797219558
      vertex 62.53936147391384 -27.38478451054239 31.770671392477205
      vertex 62.71083782863725 -26.654895355826852 31.667095524425065
    endloop
  endfacet
  facet normal -0.0010858925724213167 -0.14024854466139972 -0.9901157339208788
    outer loop
      vertex 65.00824247456295 -29.65564492001375 32.08962797219558
      vertex 61.78682104704838 -28.676818459165474 31.9545115767824
      vertex 62.22735918910681 -28.067504392383743 31.867719916716677
    endloop
  endfacet
  facet normal -0.001085892572423567 -0.14024854466140702 -0.9901157339208778
    outer loop
      vertex 65.00824247456295 -29.65564492001375 32.08962797219558
      vertex 61.23467668148123 -29.189311113008422 32.02771101785138
      vertex 61.78682104704838 -28.676818459165474 31.9545115767824
    endloop
  endfacet
  facet normal -0.0010858925724214262 -0.14024854466139994 -0.9901157339208787
    outer loop
      vertex 65.00824247456295 -29.65564492001375 32.08962797219558
      vertex 62.22735918910681 -28.067504392383743 31.867719916716677
      vertex 62.53936147391384 -27.38478451054239 31.770671392477205
    endloop
  endfacet
  facet normal -0.0010858925724217855 -0.14024854466140088 -0.9901157339208787
    outer loop
      vertex 65.00824247456295 -29.65564492001375 32.08962797219558
      vertex 62.344517750743556 -24.465272272673356 31.357340153400852
      vertex 62.42786487040721 -20.140644012031267 30.7446710431216
    endloop
  endfacet
  facet normal 0.9657869707738483 0.25662432026051685 -0.03740969572585835
    outer loop
      vertex 65.00824247456295 -29.65564492001375 32.08962797219558
      vertex 62.42786487040721 -20.140644012031267 30.7446710431216
      vertex 62.43872379613144 -18.73815856541725 40.645828382330386
    endloop
  endfacet
  facet normal 0.9657869707738486 0.2566243202605163 -0.0374096957258575
    outer loop
      vertex 65.00824247456295 -29.65564492001375 32.08962797219558
      vertex 62.43872379613144 -18.73815856541725 40.645828382330386
      vertex 65.01910140028717 -28.253159473399737 41.990785311404366
    endloop
  endfacet
  facet normal -0.0010858925724218447 -0.14024854466139333 -0.9901157339208797
    outer loop
      vertex 65.00824247456295 -29.65564492001375 32.08962797219558
      vertex 60.592144690727984 -29.585287548634593 32.08450522645404
      vertex 61.23467668148123 -29.189311113008422 32.02771101785138
    endloop
  endfacet
  facet normal -0.0010858925724191524 -0.1402485446614017 -0.9901157339208786
    outer loop
      vertex 62.344517750743556 -24.465272272673356 31.357340153400852
      vertex 61.944489946466454 -23.82902956667178 31.267655964669615
      vertex 62.41489814877829 -20.092829937116786 30.73791246558856
    endloop
  endfacet
  facet normal -0.0010858925724276443 -0.14024854466140063 -0.9901157339208787
    outer loop
      vertex 61.944489946466454 -23.82902956667178 31.267655964669615
      vertex 61.42679679129773 -23.282263256198625 31.190775032922062
      vertex 62.41489814877829 -20.092829937116786 30.73791246558856
    endloop
  endfacet
  facet normal -0.0010858925721797588 -0.1402485446614055 -0.9901157339208783
    outer loop
      vertex 62.42786487040721 -20.140644012031267 30.7446710431216
      vertex 62.344517750743556 -24.465272272673356 31.357340153400852
      vertex 62.41489814877829 -20.092829937116786 30.73791246558856
    endloop
  endfacet
  facet normal -0.0010858925724184377 -0.1402485446614034 -0.9901157339208781
    outer loop
      vertex 62.41489814877829 -20.092829937116786 30.73791246558856
      vertex 61.42679679129773 -23.282263256198625 31.190775032922062
      vertex 60.81133294286486 -22.845985263935294 31.129651849249917
    endloop
  endfacet
  facet normal -0.001085892572423948 -0.14024854466140022 -0.9901157339208787
    outer loop
      vertex 62.41489814877829 -20.092829937116786 30.73791246558856
      vertex 60.81133294286486 -22.845985263935294 31.129651849249917
      vertex 60.121750331707005 -22.536961508456947 31.086635343323437
    endloop
  endfacet
  facet normal -0.0010858925724220071 -0.1402485446614034 -0.9901157339208783
    outer loop
      vertex 65.00824247456295 -29.65564492001375 32.08962797219558
      vertex 55.350372766824464 -32.221888122618914 32.46372492945416
      vertex 60.592144690727984 -29.585287548634593 32.08450522645404
    endloop
  endfacet
  facet normal -0.0010858925724242885 -0.14024854466140002 -0.9901157339208788
    outer loop
      vertex 62.41489814877829 -20.092829937116786 30.73791246558856
      vertex 60.121750331707005 -22.536961508456947 31.086635343323437
      vertex 59.38454923084859 -22.3670675993841 31.063378615341435
    endloop
  endfacet
  facet normal -0.001085892572416695 -0.14024854466140993 -0.9901157339208774
    outer loop
      vertex 62.41489814877829 -20.092829937116786 30.73791246558856
      vertex 59.38454923084859 -22.3670675993841 31.063378615341435
      vertex 58.62805986516845 -22.34283246436482 31.06077540831773
    endloop
  endfacet
  facet normal -0.0010858925724251596 -0.14024854466139597 -0.9901157339208794
    outer loop
      vertex 62.41489814877829 -20.092829937116786 30.73791246558856
      vertex 58.62805986516845 -22.34283246436482 31.06077540831773
      vertex 57.88135369674556 -22.46518744604668 31.078925762038363
    endloop
  endfacet
  facet normal 0.0010858925724209587 0.1402485446614001 0.9901157339208788
    outer loop
      vertex 65.01910140028717 -28.253159473399737 41.990785311404366
      vertex 62.736079206025266 -24.504052033416936 41.46223321646794
      vertex 62.711781616302936 -25.251121277922444 41.56808120502619
    endloop
  endfacet
  facet normal 0.0010858925724208188 0.14024854466140008 0.9901157339208788
    outer loop
      vertex 65.01910140028717 -28.253159473399737 41.990785311404366
      vertex 62.711781616302936 -25.251121277922444 41.56808120502619
      vertex 62.54074938954513 -25.979120001820746 41.67138880903902
    endloop
  endfacet
  facet normal 0.0010858925724202093 0.14024854466139633 0.9901157339208793
    outer loop
      vertex 65.01910140028717 -28.253159473399737 41.990785311404366
      vertex 62.22955519831015 -26.660071622418826 41.76818597521981
      vertex 61.790158060847475 -27.267807550819164 41.85475284275668
    endloop
  endfacet
  facet normal 0.0010858925724248922 0.14024854466140432 0.990115733920878
    outer loop
      vertex 65.01910140028717 -28.253159473399737 41.990785311404366
      vertex 62.54074938954513 -25.979120001820746 41.67138880903902
      vertex 62.22955519831015 -26.660071622418826 41.76818597521981
    endloop
  endfacet
  facet normal 0.0010858925724206076 0.14024854466139758 0.9901157339208791
    outer loop
      vertex 65.01910140028717 -28.253159473399737 41.990785311404366
      vertex 61.790158060847475 -27.267807550819164 41.85475284275668
      vertex 61.23944376273302 -27.77897283611557 41.92776269547747
    endloop
  endfacet
  facet normal 0.0010858925724224926 0.14024854466140105 0.9901157339208787
    outer loop
      vertex 65.01910140028717 -28.253159473399737 41.990785311404366
      vertex 62.43872379613144 -18.73815856541725 40.645828382330386
      vertex 62.736079206025266 -24.504052033416936 41.46223321646794
    endloop
  endfacet
  facet normal 0.0010858925724333863 0.14024854466140158 0.9901157339208785
    outer loop
      vertex 62.61270841596533 -23.76662172040932 41.357912522204344
      vertex 62.736079206025266 -24.504052033416936 41.46223321646794
      vertex 62.43872379613144 -18.73815856541725 40.645828382330386
    endloop
  endfacet
  facet normal 0.2593344325784652 -0.9562814982896966 0.1351715506607017
    outer loop
      vertex 65.00824247456295 -29.65564492001375 32.08962797219558
      vertex 65.01910140028717 -28.253159473399737 41.990785311404366
      vertex 55.361231692548685 -30.819402676004902 42.36488226866294
    endloop
  endfacet
  facet normal 0.0010858925724218462 0.14024854466140732 0.9901157339208778
    outer loop
      vertex 65.01910140028717 -28.253159473399737 41.990785311404366
      vertex 61.23944376273302 -27.77897283611557 41.92776269547747
      vertex 60.59857594559919 -28.173923683058902 41.98440980568651
    endloop
  endfacet
  facet normal 0.0010858925724220128 0.1402485446614165 0.9901157339208765
    outer loop
      vertex 65.01910140028717 -28.253159473399737 41.990785311404366
      vertex 60.59857594559919 -28.173923683058902 41.98440980568651
      vertex 59.892182800255625 -28.43748235209211 42.022517256706536
    endloop
  endfacet
  facet normal 0.0010858925724246463 0.14024854466134493 0.9901157339208866
    outer loop
      vertex 65.01910140028717 -28.253159473399737 41.990785311404366
      vertex 59.892182800255625 -28.43748235209211 42.022517256706536
      vertex 59.147410619128046 -28.559520431369656 42.04062060056574
    endloop
  endfacet
  facet normal 0.0010858925724171456 0.14024854466140105 0.9901157339208787
    outer loop
      vertex 62.61270841596533 -23.76662172040932 41.357912522204344
      vertex 62.43872379613144 -18.73815856541725 40.645828382330386
      vertex 62.34641031639799 -23.067169372272787 41.25912810801222
    endloop
  endfacet
  facet normal 0.0010858925724198975 0.14024854466140096 0.9901157339208786
    outer loop
      vertex 62.34641031639799 -23.067169372272787 41.25912810801222
      vertex 62.43872379613144 -18.73815856541725 40.645828382330386
      vertex 61.94741859394793 -22.432574550488827 41.16967620353004
    endloop
  endfacet
  facet normal 0.0010858925724183443 0.14024854466140116 0.9901157339208786
    outer loop
      vertex 61.94741859394793 -22.432574550488827 41.16967620353004
      vertex 62.43872379613144 -18.73815856541725 40.645828382330386
      vertex 61.431066276751764 -21.887224378173727 41.09299439528184
    endloop
  endfacet
  facet normal 0.001085892572419105 0.14024854466140094 0.9901157339208787
    outer loop
      vertex 61.431066276751764 -21.887224378173727 41.09299439528184
      vertex 62.43872379613144 -18.73815856541725 40.645828382330386
      vertex 60.817196494785634 -21.452076356613652 41.03202952215496
    endloop
  endfacet
  facet normal 0.0010858925724245008 0.14024854466139777 0.990115733920879
    outer loop
      vertex 60.817196494785634 -21.452076356613652 41.03202952215496
      vertex 62.43872379613144 -18.73815856541725 40.645828382330386
      vertex 60.12939991950836 -21.143852980243338 40.98912443003416
    endloop
  endfacet
  facet normal 0.0010858925724215888 0.14024854466140227 0.9901157339208785
    outer loop
      vertex 65.01910140028717 -28.253159473399737 41.990785311404366
      vertex 59.147410619128046 -28.559520431369656 42.04062060056574
      vertex 55.361231692548685 -30.819402676004902 42.36488226866294
    endloop
  endfacet
  facet normal 0.0010858925724167737 0.14024854466140504 0.9901157339208781
    outer loop
      vertex 60.12939991950836 -21.143852980243338 40.98912443003416
      vertex 62.43872379613144 -18.73815856541725 40.645828382330386
      vertex 59.394108187587065 -20.974399100563033 40.96592793754819
    endloop
  endfacet
  facet normal 0.0010858925724317131 0.1402485446613851 0.9901157339208808
    outer loop
      vertex 59.394108187587065 -20.974399100563033 40.96592793754819
      vertex 62.43872379613144 -18.73815856541725 40.645828382330386
      vertex 58.63957814792315 -20.95022673513802 40.96333147289455
    endloop
  endfacet
  facet normal -0.0010858925724430782 -0.14024854466136236 -0.9901157339208841
    outer loop
      vertex 60.592144690727984 -29.585287548634593 32.08450522645404
      vertex 55.350372766824464 -32.221888122618914 32.46372492945416
      vertex 59.88391721885719 -29.84953061368902 32.12271163300436
    endloop
  endfacet
  facet normal -0.0010858925724172392 -0.14024854466141076 -0.9901157339208774
    outer loop
      vertex 59.88391721885719 -29.84953061368902 32.12271163300436
      vertex 55.350372766824464 -32.221888122618914 32.46372492945416
      vertex 59.1372110504343 -29.971885595370882 32.140861986724985
    endloop
  endfacet
  facet normal -0.0010858925724255399 -0.14024854466139705 -0.9901157339208791
    outer loop
      vertex 59.1372110504343 -29.971885595370882 32.140861986724985
      vertex 55.350372766824464 -32.221888122618914 32.46372492945416
      vertex 58.380721684754164 -29.947650460351603 32.13825877970129
    endloop
  endfacet
  facet normal -0.0010858925724258038 -0.14024854466139478 -0.9901157339208795
    outer loop
      vertex 62.41489814877829 -20.092829937116786 30.73791246558856
      vertex 57.88135369674556 -22.46518744604668 31.078925762038363
      vertex 57.17312622487477 -22.729430511101107 31.117132168588675
    endloop
  endfacet
  facet normal -0.001085892572416758 -0.14024854466140857 -0.9901157339208776
    outer loop
      vertex 58.380721684754164 -29.947650460351603 32.13825877970129
      vertex 55.350372766824464 -32.221888122618914 32.46372492945416
      vertex 57.64352058389575 -29.777756551278756 32.11500205171928
    endloop
  endfacet
  facet normal -0.0010858925724245114 -0.1402485446614014 -0.9901157339208786
    outer loop
      vertex 57.64352058389575 -29.777756551278756 32.11500205171928
      vertex 55.350372766824464 -32.221888122618914 32.46372492945416
      vertex 56.9539379727379 -29.46873279580041 32.0719855457928
    endloop
  endfacet
  facet normal -0.0010858925724273015 -0.14024854466139983 -0.9901157339208789
    outer loop
      vertex 56.9539379727379 -29.46873279580041 32.0719855457928
      vertex 55.350372766824464 -32.221888122618914 32.46372492945416
      vertex 56.33847412430502 -29.032454803537078 32.01086236212066
    endloop
  endfacet
  facet normal -0.0010858925724219867 -0.14024854466140213 -0.9901157339208785
    outer loop
      vertex 62.41489814877829 -20.092829937116786 30.73791246558856
      vertex 57.17312622487477 -22.729430511101107 31.117132168588675
      vertex 52.75702844103981 -22.65907313972195 31.112009422847137
    endloop
  endfacet
  facet normal 0.25933443257846533 -0.9562814982896963 0.13517155066070177
    outer loop
      vertex 65.00824247456295 -29.65564492001375 32.08962797219558
      vertex 55.361231692548685 -30.819402676004902 42.36488226866294
      vertex 55.350372766824464 -32.221888122618914 32.46372492945416
    endloop
  endfacet
  facet normal -0.0010858925724166468 -0.14024854466140302 -0.9901157339208783
    outer loop
      vertex 56.33847412430502 -29.032454803537078 32.01086236212066
      vertex 55.350372766824464 -32.221888122618914 32.46372492945416
      vertex 55.8207809691363 -28.485688493063922 31.9339814303731
    endloop
  endfacet
  facet normal -0.0010858925724279774 -0.14024854466140166 -0.9901157339208786
    outer loop
      vertex 55.350372766824464 -32.221888122618914 32.46372492945416
      vertex 55.4207531648592 -27.849445787062347 31.84429724164187
      vertex 55.8207809691363 -28.485688493063922 31.9339814303731
    endloop
  endfacet
  facet normal -0.001085892572428981 -0.140248544661405 -0.990115733920878
    outer loop
      vertex 55.4207531648592 -27.849445787062347 31.84429724164187
      vertex 52.75702844103981 -22.65907313972195 31.112009422847137
      vertex 55.15376355565391 -27.148177135914974 31.74525630900442
    endloop
  endfacet
  facet normal -0.001085892572422317 -0.14024854466140174 -0.9901157339208785
    outer loop
      vertex 55.350372766824464 -32.221888122618914 32.46372492945416
      vertex 52.75702844103981 -22.65907313972195 31.112009422847137
      vertex 55.4207531648592 -27.849445787062347 31.84429724164187
    endloop
  endfacet
  facet normal -0.001085892572421962 -0.14024854466140063 -0.9901157339208786
    outer loop
      vertex 57.17312622487477 -22.729430511101107 31.117132168588675
      vertex 56.53059423412152 -23.12540694672728 31.17392637719134
      vertex 52.75702844103981 -22.65907313972195 31.112009422847137
    endloop
  endfacet
  facet normal -0.001085892572422112 -0.1402485446614018 -0.9901157339208785
    outer loop
      vertex 56.53059423412152 -23.12540694672728 31.17392637719134
      vertex 55.97844986855438 -23.63789960057023 31.247125818260315
      vertex 52.75702844103981 -22.65907313972195 31.112009422847137
    endloop
  endfacet
  facet normal -0.0010858925724238815 -0.14024854466140385 -0.9901157339208781
    outer loop
      vertex 55.53791172649595 -24.24721366735196 31.33391747832604
      vertex 55.22590944168891 -24.929933549193315 31.430966002565516
      vertex 52.75702844103981 -22.65907313972195 31.112009422847137
    endloop
  endfacet
  facet normal -0.0010858925724214425 -0.14024854466139963 -0.9901157339208788
    outer loop
      vertex 55.97844986855438 -23.63789960057023 31.247125818260315
      vertex 55.53791172649595 -24.24721366735196 31.33391747832604
      vertex 52.75702844103981 -22.65907313972195 31.112009422847137
    endloop
  endfacet
  facet normal -0.00108589257242788 -0.14024854466140452 -0.9901157339208783
    outer loop
      vertex 55.03007240247269 -26.408831900609407 31.640664719959226
      vertex 55.15376355565391 -27.148177135914974 31.74525630900442
      vertex 52.75702844103981 -22.65907313972195 31.112009422847137
    endloop
  endfacet
  facet normal -0.00108589257242111 -0.14024854466140052 -0.9901157339208787
    outer loop
      vertex 55.03007240247269 -26.408831900609407 31.640664719959226
      vertex 52.75702844103981 -22.65907313972195 31.112009422847137
      vertex 55.0544330869655 -25.65982270390885 31.53454187061765
    endloop
  endfacet
  facet normal -0.0010858925724198725 -0.1402485446613996 -0.9901157339208788
    outer loop
      vertex 55.0544330869655 -25.65982270390885 31.53454187061765
      vertex 52.75702844103981 -22.65907313972195 31.112009422847137
      vertex 55.22590944168891 -24.929933549193315 31.430966002565516
    endloop
  endfacet
  facet normal -0.9657869707738485 -0.25662432026051685 0.0374096957258576
    outer loop
      vertex 55.350372766824464 -32.221888122618914 32.46372492945416
      vertex 55.361231692548685 -30.819402676004902 42.36488226866294
      vertex 52.75702844103981 -22.65907313972195 31.112009422847137
    endloop
  endfacet
  facet normal -0.9657869707738486 -0.2566243202605169 0.03740969572585759
    outer loop
      vertex 52.75702844103981 -22.65907313972195 31.112009422847137
      vertex 55.361231692548685 -30.819402676004902 42.36488226866294
      vertex 52.76788736676403 -21.25658769310794 41.013166762055924
    endloop
  endfacet
  facet normal 0.001085892572423505 0.1402485446613991 0.9901157339208788
    outer loop
      vertex 59.147410619128046 -28.559520431369656 42.04062060056574
      vertex 58.39288057946413 -28.53534806594464 42.038024135912096
      vertex 55.361231692548685 -30.819402676004902 42.36488226866294
    endloop
  endfacet
  facet normal 0.0010858925724216504 0.14024854466140205 0.9901157339208784
    outer loop
      vertex 58.63957814792315 -20.95022673513802 40.96333147289455
      vertex 62.43872379613144 -18.73815856541725 40.645828382330386
      vertex 52.78085408839296 -21.304401768022416 41.01992533958896
    endloop
  endfacet
  facet normal 0.0010858925724246131 0.1402485446613977 0.9901157339208791
    outer loop
      vertex 58.39288057946413 -28.53534806594464 42.038024135912096
      vertex 57.65758884754284 -28.365894186264335 42.01482764342613
      vertex 55.361231692548685 -30.819402676004902 42.36488226866294
    endloop
  endfacet
  facet normal 0.0010858925724172984 0.14024854466140438 0.9901157339208781
    outer loop
      vertex 57.65758884754284 -28.365894186264335 42.01482764342613
      vertex 56.969792272265565 -28.05767080989402 41.971922551305326
      vertex 55.361231692548685 -30.819402676004902 42.36488226866294
    endloop
  endfacet
  facet normal 0.0010858925724284458 0.14024854466139802 0.990115733920879
    outer loop
      vertex 56.969792272265565 -28.05767080989402 41.971922551305326
      vertex 56.35592249029943 -27.622522788333946 41.91095767817845
      vertex 55.361231692548685 -30.819402676004902 42.36488226866294
    endloop
  endfacet
  facet normal 0.0010858925724251006 0.14024854466134626 0.9901157339208864
    outer loop
      vertex 58.63957814792315 -20.95022673513802 40.96333147289455
      vertex 52.78085408839296 -21.304401768022416 41.01992533958896
      vertex 57.89480596679557 -21.07226481441556 40.981434816753755
    endloop
  endfacet
  facet normal 0.0010858925724183007 0.14024854466140113 0.9901157339208787
    outer loop
      vertex 56.35592249029943 -27.622522788333946 41.91095767817845
      vertex 55.83957017310327 -27.077172616018846 41.83427586993025
      vertex 55.361231692548685 -30.819402676004902 42.36488226866294
    endloop
  endfacet
  facet normal 0.0010858925724338117 0.1402485446614016 0.9901157339208785
    outer loop
      vertex 55.361231692548685 -30.819402676004902 42.36488226866294
      vertex 55.17428035108587 -25.743125446098354 41.646039551255946
      vertex 55.05090956102593 -25.005695133090736 41.54171885699235
    endloop
  endfacet
  facet normal 0.0010858925724186333 0.1402485446614011 0.9901157339208787
    outer loop
      vertex 55.361231692548685 -30.819402676004902 42.36488226866294
      vertex 55.83957017310327 -27.077172616018846 41.83427586993025
      vertex 55.440578450653206 -26.44257779423489 41.74482396544807
    endloop
  endfacet
  facet normal 0.0010858925724189675 0.14024854466140105 0.9901157339208786
    outer loop
      vertex 55.361231692548685 -30.819402676004902 42.36488226866294
      vertex 55.440578450653206 -26.44257779423489 41.74482396544807
      vertex 55.17428035108587 -25.743125446098354 41.646039551255946
    endloop
  endfacet
  facet normal 0.0010858925724223517 0.14024854466140105 0.9901157339208787
    outer loop
      vertex 55.361231692548685 -30.819402676004902 42.36488226866294
      vertex 55.05090956102593 -25.005695133090736 41.54171885699235
      vertex 52.78085408839296 -21.304401768022416 41.01992533958896
    endloop
  endfacet
  facet normal 0.0010858925724231952 0.14024854466138723 0.9901157339208805
    outer loop
      vertex 57.89480596679557 -21.07226481441556 40.981434816753755
      vertex 52.78085408839296 -21.304401768022416 41.01992533958896
      vertex 57.18841282145201 -21.33582348344877 41.01954226777377
    endloop
  endfacet
  facet normal 0.0010858925724233212 0.14024854466140496 0.990115733920878
    outer loop
      vertex 57.18841282145201 -21.33582348344877 41.01954226777377
      vertex 52.78085408839296 -21.304401768022416 41.01992533958896
      vertex 56.54754500431818 -21.7307743303921 41.076189377982814
    endloop
  endfacet
  facet normal 0.0010858925724202193 0.1402485446613963 0.9901157339208793
    outer loop
      vertex 55.996830706203724 -22.24193961568851 41.14919923070361
      vertex 52.78085408839296 -21.304401768022416 41.01992533958896
      vertex 55.55743356874105 -22.849675544088846 41.23576609824048
    endloop
  endfacet
  facet normal 0.0010858925724203017 0.1402485446613995 0.9901157339208788
    outer loop
      vertex 55.24623937750607 -23.530627164686926 41.33256326442127
      vertex 52.78085408839296 -21.304401768022416 41.01992533958896
      vertex 55.07520715074826 -24.258625888585232 41.4358708684341
    endloop
  endfacet
  facet normal 0.0010858925724248037 0.1402485446614044 0.9901157339208783
    outer loop
      vertex 55.24623937750607 -23.530627164686926 41.33256326442127
      vertex 55.55743356874105 -22.849675544088846 41.23576609824048
      vertex 52.78085408839296 -21.304401768022416 41.01992533958896
    endloop
  endfacet
  facet normal 0.0010858925724236555 0.14024854466140788 0.9901157339208777
    outer loop
      vertex 55.996830706203724 -22.24193961568851 41.14919923070361
      vertex 56.54754500431818 -21.7307743303921 41.076189377982814
      vertex 52.78085408839296 -21.304401768022416 41.01992533958896
    endloop
  endfacet
  facet normal 0.001085892572421909 0.14024854466140071 0.9901157339208787
    outer loop
      vertex 55.05090956102593 -25.005695133090736 41.54171885699235
      vertex 55.07520715074826 -24.258625888585232 41.4358708684341
      vertex 52.78085408839296 -21.304401768022416 41.01992533958896
    endloop
  endfacet
  facet normal -0.05821608434247621 0.13098618977057147 0.9896734338220955
    outer loop
      vertex 55.361231692548685 -30.819402676004902 42.36488226866294
      vertex 52.78085408839296 -21.304401768022416 41.01992533958896
      vertex 52.76788736676403 -21.25658769310794 41.013166762055924
    endloop
  endfacet
  facet normal -0.49879182365458224 0.20376915670439585 -0.842427947916803
    outer loop
      vertex 64.5400341659452 17.36927762584219 35.5396867805666
      vertex 63.944207740379 18.049952010230747 36.05711239039447
      vertex 64.61169369528741 18.110237659948222 35.6764837781776
    endloop
  endfacet
  facet normal -0.4726074524891031 0.3372751489483866 -0.8141791386136124
    outer loop
      vertex 64.5400341659452 17.36927762584219 35.5396867805666
      vertex 64.32780941344404 16.662799701997738 35.370217383949985
      vertex 63.88266340771415 17.413583180446707 35.93962515588699
    endloop
  endfacet
  facet normal -0.49879182365457636 0.2037691567044023 -0.8424279479168049
    outer loop
      vertex 64.5400341659452 17.36927762584219 35.5396867805666
      vertex 63.88266340771415 17.413583180446707 35.93962515588699
      vertex 63.944207740379 18.049952010230747 36.05711239039447
    endloop
  endfacet
  facet normal -0.49879182365458213 0.06652856813901567 -0.8641647217265401
    outer loop
      vertex 64.61169369528741 18.110237659948222 35.6764837781776
      vertex 63.88266340771415 18.691480284648904 36.142024173528405
      vertex 64.5400341659452 18.85720512574031 35.77535134488144
    endloop
  endfacet
  facet normal -0.49879182365458197 0.06652856813901602 -0.8641647217265401
    outer loop
      vertex 64.61169369528741 18.110237659948222 35.6764837781776
      vertex 63.944207740379 18.049952010230747 36.05711239039447
      vertex 63.88266340771415 18.691480284648904 36.142024173528405
    endloop
  endfacet
  facet normal -0.47260745248911007 -0.06917253789461895 -0.8785541280154405
    outer loop
      vertex 64.5400341659452 18.85720512574031 35.77535134488144
      vertex 63.70039552390944 19.31351443188849 36.19109739308203
      vertex 64.32780941344404 19.581474482412247 35.832490055535274
    endloop
  endfacet
  facet normal -0.4212449608576816 0.4619159844600523 -0.7805038797163735
    outer loop
      vertex 63.98317511600555 16.017953438830823 35.17458820220021
      vertex 63.404408541522486 16.25300696585396 35.62606255550849
      vertex 63.70039552390944 16.806829092545637 35.79407743854049
    endloop
  endfacet
  facet normal -0.3466781805092898 0.572901785830071 -0.7426962925392073
    outer loop
      vertex 63.98317511600555 16.017953438830823 35.17458820220021
      vertex 63.51937537640714 15.459519916600996 34.96031715506181
      vertex 63.404408541522486 16.25300696585396 35.62606255550849
    endloop
  endfacet
  facet normal -0.34667818050928595 0.5729017858300723 -0.7426962925392082
    outer loop
      vertex 63.51937537640714 15.459519916600996 34.96031715506181
      vertex 63.00607707429501 15.77339987411341 35.442037224522075
      vertex 63.404408541522486 16.25300696585396 35.62606255550849
    endloop
  endfacet
  facet normal -0.25177267099517836 0.6659674309533512 -0.7022093014545927
    outer loop
      vertex 63.51937537640714 15.459519916600996 34.96031715506181
      vertex 62.9542337585397 15.008959422394428 34.73563855871171
      vertex 63.00607707429501 15.77339987411341 35.442037224522075
    endloop
  endfacet
  facet normal -0.14017559782237188 0.7375364592796148 -0.6605987988245436
    outer loop
      vertex 62.9542337585397 15.008959422394428 34.73563855871171
      vertex 62.309468337842794 14.683586743326236 34.509186685606466
      vertex 62.52070877712569 15.386438848892821 35.249073435848466
    endloop
  endfacet
  facet normal -0.2517726709951868 0.6659674309533501 -0.7022093014545908
    outer loop
      vertex 62.9542337585397 15.008959422394428 34.73563855871171
      vertex 62.52070877712569 15.386438848892821 35.249073435848466
      vertex 63.00607707429501 15.77339987411341 35.442037224522075
    endloop
  endfacet
  facet normal -0.7466707608944888 0.6578806665393016 -0.09836566178829488
    outer loop
      vertex 63.404408541522486 16.25300696585396 35.62606255550849
      vertex 63.00607707429501 15.77339987411341 35.442037224522075
      vertex 61.09574265920801 14.905158483909625 44.136042949936986
    endloop
  endfacet
  facet normal -0.42124496085768215 0.4619159844600519 -0.7805038797163734
    outer loop
      vertex 64.32780941344404 16.662799701997738 35.370217383949985
      vertex 63.98317511600555 16.017953438830823 35.17458820220021
      vertex 63.70039552390944 16.806829092545637 35.79407743854049
    endloop
  endfacet
  facet normal -0.47260745248910485 0.3372751489483853 -0.8141791386136119
    outer loop
      vertex 64.32780941344404 16.662799701997738 35.370217383949985
      vertex 63.70039552390944 16.806829092545637 35.79407743854049
      vertex 63.88266340771415 17.413583180446707 35.93962515588699
    endloop
  endfacet
  facet normal -0.47260745248910935 -0.069172537894617 -0.8785541280154411
    outer loop
      vertex 64.5400341659452 18.85720512574031 35.77535134488144
      vertex 63.88266340771415 18.691480284648904 36.142024173528405
      vertex 63.70039552390944 19.31351443188849 36.19109739308203
    endloop
  endfacet
  facet normal -0.4212449608576859 -0.19811924399368686 -0.8850431899694933
    outer loop
      vertex 64.32780941344404 19.581474482412247 35.832490055535274
      vertex 63.404408541522486 19.892150028511857 36.20244619274848
      vertex 63.98317511600555 20.255212464762067 35.84570410153242
    endloop
  endfacet
  facet normal -0.4212449608576862 -0.19811924399368816 -0.8850431899694929
    outer loop
      vertex 64.32780941344404 19.581474482412247 35.832490055535274
      vertex 63.70039552390944 19.31351443188849 36.19109739308203
      vertex 63.404408541522486 19.892150028511857 36.20244619274848
    endloop
  endfacet
  facet normal -0.3466781805092898 -0.31535620055693014 -0.8833825365769156
    outer loop
      vertex 63.98317511600555 20.255212464762067 35.84570410153242
      vertex 63.00607707429501 20.40515043304335 36.17563444452105
      vertex 63.51937537640714 20.852527699964682 35.814485674495735
    endloop
  endfacet
  facet normal -0.3466781805092902 -0.31535620055694513 -0.88338253657691
    outer loop
      vertex 63.404408541522486 19.892150028511857 36.20244619274848
      vertex 63.00607707429501 20.40515043304335 36.17563444452105
      vertex 63.98317511600555 20.255212464762067 35.84570410153242
    endloop
  endfacet
  facet normal -0.25177267099518186 -0.4163780570908909 -0.8736359858162706
    outer loop
      vertex 63.51937537640714 20.852527699964682 35.814485674495735
      vertex 63.00607707429501 20.40515043304335 36.17563444452105
      vertex 62.52070877712569 20.832801327630765 36.11169250884793
    endloop
  endfacet
  facet normal -0.25177267099518 -0.4163780570909027 -0.8736359858162654
    outer loop
      vertex 63.51937537640714 20.852527699964682 35.814485674495735
      vertex 62.52070877712569 20.832801327630765 36.11169250884793
      vertex 62.9542337585397 21.35046569850949 35.74003448106873
    endloop
  endfacet
  facet normal -0.14017559782237188 -0.4973026003026721 -0.8561780921673606
    outer loop
      vertex 62.9542337585397 21.35046569850949 35.74003448106873
      vertex 62.52070877712569 20.832801327630765 36.11169250884793
      vertex 61.966956081477086 21.158668328224493 36.01307763845798
    endloop
  endfacet
  facet normal -0.01617557392851011 0.7848585131866637 -0.6194638529296953
    outer loop
      vertex 62.309468337842794 14.683586743326236 34.509186685606466
      vertex 61.6098570878452 14.495905768981913 34.28966395423381
      vertex 61.966956081477086 15.106994585381177 35.05458667967105
    endloop
  endfacet
  facet normal 0.11546214930815459 0.8061150326813564 -0.5803852566720463
    outer loop
      vertex 61.6098570878452 14.495905768981913 34.28966395423381
      vertex 60.88228567653781 14.453128973952808 34.08550650005064
      vertex 61.36609939289486 14.945805969911083 34.86605097296028
    endloop
  endfacet
  facet normal 0.11546214930815286 0.8061150326813571 -0.5803852566720458
    outer loop
      vertex 60.88228567653781 14.453128973952808 34.08550650005064
      vertex 60.74122929695694 14.909067390579438 34.69071163719303
      vertex 61.36609939289486 14.945805969911083 34.86605097296028
    endloop
  endfacet
  facet normal 0.24967880800693038 0.8004891416403112 -0.5448647785902445
    outer loop
      vertex 60.88228567653781 14.453128973952808 34.08550650005064
      vertex 60.15471426523042 14.556900246482385 33.9045599795284
      vertex 60.74122929695694 14.909067390579438 34.69071163719303
    endloop
  endfacet
  facet normal 0.24967880800693296 0.8004891416403095 -0.5448647785902458
    outer loop
      vertex 60.15471426523042 14.556900246482385 33.9045599795284
      vertex 60.11635920101901 14.998190690386721 34.535306864711394
      vertex 60.74122929695694 14.909067390579438 34.69071163719303
    endloop
  endfacet
  facet normal 0.3813165312436013 0.7681970399011939 -0.5142674507368624
    outer loop
      vertex 60.15471426523042 14.556900246482385 33.9045599795284
      vertex 59.45510301523282 14.803231714762934 33.75377806597477
      vertex 60.11635920101901 14.998190690386721 34.535306864711394
    endloop
  endfacet
  facet normal 0.3813165312435998 0.7681970399011953 -0.5142674507368614
    outer loop
      vertex 60.11635920101901 14.998190690386721 34.535306864711394
      vertex 59.45510301523282 14.803231714762934 33.75377806597477
      vertex 59.51550251243679 15.209750910902265 34.40580877376984
    endloop
  endfacet
  facet normal 0.5053165551374551 0.7104796948242258 -0.4897691112621235
    outer loop
      vertex 59.45510301523282 14.803231714762934 33.75377806597477
      vertex 58.810337594535916 15.18265699861271 33.63895522376815
      vertex 59.51550251243679 15.209750910902265 34.40580877376984
    endloop
  endfacet
  facet normal -0.14017559782237163 0.7375364592796148 -0.6605987988245435
    outer loop
      vertex 62.52070877712569 15.386438848892821 35.249073435848466
      vertex 62.309468337842794 14.683586743326236 34.509186685606466
      vertex 61.966956081477086 15.106994585381177 35.05458667967105
    endloop
  endfacet
  facet normal -0.01617557392850761 0.784858513186663 -0.6194638529296962
    outer loop
      vertex 61.6098570878452 14.495905768981913 34.28966395423381
      vertex 61.36609939289486 14.945805969911083 34.86605097296028
      vertex 61.966956081477086 15.106994585381177 35.05458667967105
    endloop
  endfacet
  facet normal -0.6127768571980051 0.7891788660788679 -0.04124609820344303
    outer loop
      vertex 63.00607707429501 15.77339987411341 35.442037224522075
      vertex 62.52070877712569 15.386438848892821 35.249073435848466
      vertex 60.69741119198053 14.425551392169076 43.95201761895058
    endloop
  endfacet
  facet normal -0.4553342825286269 0.890149364371628 0.01745852980428726
    outer loop
      vertex 62.52070877712569 15.386438848892821 35.249073435848466
      vertex 61.966956081477086 15.106994585381177 35.05458667967105
      vertex 60.21204289481121 14.038590366948487 43.75905383027697
    endloop
  endfacet
  facet normal -0.2803934667360693 0.9569119217931066 0.07549223630249895
    outer loop
      vertex 61.966956081477086 15.106994585381177 35.05458667967105
      vertex 61.36609939289486 14.945805969911083 34.86605097296028
      vertex 59.6582901991626 13.759146103436843 43.56456707409954
    endloop
  endfacet
  facet normal -0.14017559782237135 -0.4973026003026738 -0.8561780921673597
    outer loop
      vertex 62.9542337585397 21.35046569850949 35.74003448106873
      vertex 61.966956081477086 21.158668328224493 36.01307763845798
      vertex 62.309468337842794 21.729890982359265 35.62521163886212
    endloop
  endfacet
  facet normal -0.016175573928507565 -0.5550199453796458 -0.8316797526926205
    outer loop
      vertex 62.309468337842794 21.729890982359265 35.62521163886212
      vertex 61.966956081477086 21.158668328224493 36.01307763845798
      vertex 61.36609939289486 21.370228548740037 35.88357954751642
    endloop
  endfacet
  facet normal -0.01617557392851172 -0.5550199453796384 -0.8316797526926254
    outer loop
      vertex 62.309468337842794 21.729890982359265 35.62521163886212
      vertex 61.36609939289486 21.370228548740037 35.88357954751642
      vertex 61.6098570878452 21.976222450639817 35.47442972530849
    endloop
  endfacet
  facet normal 0.1154621493081514 -0.5873120471187548 -0.801082424839242
    outer loop
      vertex 61.6098570878452 21.976222450639817 35.47442972530849
      vertex 60.74122929695694 21.45935184854732 35.72817477503479
      vertex 60.88228567653781 22.079993723169395 35.29348320478625
    endloop
  endfacet
  facet normal 0.11546214930814959 -0.5873120471187527 -0.8010824248392437
    outer loop
      vertex 61.6098570878452 21.976222450639817 35.47442972530849
      vertex 61.36609939289486 21.370228548740037 35.88357954751642
      vertex 60.74122929695694 21.45935184854732 35.72817477503479
    endloop
  endfacet
  facet normal -0.0946772872633214 0.9869008907024605 0.13062481849613672
    outer loop
      vertex 61.36609939289486 14.945805969911083 34.86605097296028
      vertex 60.74122929695694 14.909067390579438 34.69071163719303
      vertex 59.05743351058038 13.597957487966749 43.376031367388784
    endloop
  endfacet
  facet normal 0.09467728726332102 0.9789638118425155 0.1807375621702102
    outer loop
      vertex 60.11635920101901 14.998190690386721 34.535306864711394
      vertex 58.43256341464245 13.561218908635103 43.20069203162153
      vertex 60.74122929695694 14.909067390579438 34.69071163719303
    endloop
  endfacet
  facet normal 0.2496788080069348 -0.592937938159801 -0.7655619467574392
    outer loop
      vertex 60.88228567653781 22.079993723169395 35.29348320478625
      vertex 60.74122929695694 21.45935184854732 35.72817477503479
      vertex 60.11635920101901 21.422613269215677 35.55283543926753
    endloop
  endfacet
  facet normal 0.2496788080069343 -0.5929379381598007 -0.7655619467574396
    outer loop
      vertex 60.88228567653781 22.079993723169395 35.29348320478625
      vertex 60.11635920101901 21.422613269215677 35.55283543926753
      vertex 60.15471426523042 22.037216928140285 35.08932575060308
    endloop
  endfacet
  facet normal 0.3813165312435981 -0.571681418665107 -0.7264833504997901
    outer loop
      vertex 60.11635920101901 21.422613269215677 35.55283543926753
      vertex 59.51550251243679 21.261424653745582 35.36429973255677
      vertex 60.15471426523042 22.037216928140285 35.08932575060308
    endloop
  endfacet
  facet normal 0.3813165312436019 -0.5716814186651088 -0.7264833504997867
    outer loop
      vertex 60.15471426523042 22.037216928140285 35.08932575060308
      vertex 59.51550251243679 21.261424653745582 35.36429973255677
      vertex 59.45510301523282 21.849535953795964 34.869803019230424
    endloop
  endfacet
  facet normal 0.5053165551374579 -0.524359364758061 -0.685348404604939
    outer loop
      vertex 59.51550251243679 21.261424653745582 35.36429973255677
      vertex 58.96174981678818 20.98198039023394 35.16981297637935
      vertex 59.45510301523282 21.849535953795964 34.869803019230424
    endloop
  endfacet
  facet normal 0.09467728726331924 -0.9869008907024605 -0.13062481849613747
    outer loop
      vertex 60.11635920101901 21.422613269215677 35.55283543926753
      vertex 60.74122929695694 21.45935184854732 35.72817477503479
      vertex 57.80769331870452 20.07476478727134 44.062815833696035
    endloop
  endfacet
  facet normal -0.8518705259875822 0.5013004819283626 -0.15170508815472059
    outer loop
      vertex 63.404408541522486 16.25300696585396 35.62606255550849
      vertex 61.39172964159496 15.458980610601303 44.304057832968994
      vertex 63.70039552390944 16.806829092545637 35.79407743854049
    endloop
  endfacet
  facet normal -0.9612746294211024 0.13710364370443906 -0.23906835364449291
    outer loop
      vertex 63.944207740379 18.049952010230747 36.05711239039447
      vertex 63.88266340771415 17.413583180446707 35.93962515588699
      vertex 61.635541858064514 16.70210352828641 44.567092784822975
    endloop
  endfacet
  facet normal -0.9612746294211024 -0.05651712965952726 -0.2697348714689488
    outer loop
      vertex 63.944207740379 18.049952010230747 36.05711239039447
      vertex 61.57399752539966 17.343631802704568 44.6520045679569
      vertex 63.88266340771415 18.691480284648904 36.142024173528405
    endloop
  endfacet
  facet normal -0.9243333845014726 0.32545560092945575 -0.19921457306055643
    outer loop
      vertex 63.70039552390944 16.806829092545637 35.79407743854049
      vertex 61.57399752539966 16.065734698502375 44.449605550315496
      vertex 63.88266340771415 17.413583180446707 35.93962515588699
    endloop
  endfacet
  facet normal -0.9243333845014728 -0.24796598142585174 -0.290035629451912
    outer loop
      vertex 63.88266340771415 18.691480284648904 36.142024173528405
      vertex 61.39172964159496 17.965665949944153 44.70107778751053
      vertex 63.70039552390944 19.31351443188849 36.19109739308203
    endloop
  endfacet
  facet normal -0.8518705259875822 -0.4298856395869123 -0.29919048084889255
    outer loop
      vertex 63.70039552390944 19.31351443188849 36.19109739308203
      vertex 61.09574265920801 18.54430154656752 44.71242658717698
      vertex 63.404408541522486 19.892150028511857 36.20244619274848
    endloop
  endfacet
  facet normal -0.851870525987586 0.5013004819283559 -0.15170508815472208
    outer loop
      vertex 63.404408541522486 16.25300696585396 35.62606255550849
      vertex 61.09574265920801 14.905158483909625 44.136042949936986
      vertex 61.39172964159496 15.458980610601303 44.304057832968994
    endloop
  endfacet
  facet normal -0.9243333845014728 0.32545560092945497 -0.19921457306055654
    outer loop
      vertex 63.70039552390944 16.806829092545637 35.79407743854049
      vertex 61.39172964159496 15.458980610601303 44.304057832968994
      vertex 61.57399752539966 16.065734698502375 44.449605550315496
    endloop
  endfacet
  facet normal -0.7466707608944896 0.6578806665393007 -0.0983656617882952
    outer loop
      vertex 63.00607707429501 15.77339987411341 35.442037224522075
      vertex 60.69741119198053 14.425551392169076 43.95201761895058
      vertex 61.09574265920801 14.905158483909625 44.136042949936986
    endloop
  endfacet
  facet normal -0.6127768571980051 0.7891788660788679 -0.04124609820344303
    outer loop
      vertex 62.52070877712569 15.386438848892821 35.249073435848466
      vertex 60.21204289481121 14.038590366948487 43.75905383027697
      vertex 60.69741119198053 14.425551392169076 43.95201761895058
    endloop
  endfacet
  facet normal -0.7466707608944878 -0.5952850337012819 -0.29684760985480474
    outer loop
      vertex 63.404408541522486 19.892150028511857 36.20244619274848
      vertex 60.69741119198053 19.057301951099017 44.685614838949554
      vertex 63.00607707429501 20.40515043304335 36.17563444452105
    endloop
  endfacet
  facet normal -0.612776857198005 -0.7378079578102058 -0.2830970516880551
    outer loop
      vertex 63.00607707429501 20.40515043304335 36.17563444452105
      vertex 60.21204289481121 19.484952845686433 44.621672903276426
      vertex 62.52070877712569 20.832801327630765 36.11169250884793
    endloop
  endfacet
  facet normal -0.4553342825286266 -0.8519773358679521 -0.25846723258759
    outer loop
      vertex 62.52070877712569 20.832801327630765 36.11169250884793
      vertex 59.6582901991626 19.81081984628016 44.523058032886475
      vertex 61.966956081477086 21.158668328224493 36.01307763845798
    endloop
  endfacet
  facet normal -0.9612746294211023 0.13710364370444003 -0.2390683536444928
    outer loop
      vertex 63.88266340771415 17.413583180446707 35.93962515588699
      vertex 61.57399752539966 16.065734698502375 44.449605550315496
      vertex 61.635541858064514 16.70210352828641 44.567092784822975
    endloop
  endfacet
  facet normal -0.9612746294211022 -0.0565171296595301 -0.26973487146894903
    outer loop
      vertex 63.944207740379 18.049952010230747 36.05711239039447
      vertex 61.635541858064514 16.70210352828641 44.567092784822975
      vertex 61.57399752539966 17.343631802704568 44.6520045679569
    endloop
  endfacet
  facet normal -0.9243333845014727 -0.24796598142585174 -0.29003562945191197
    outer loop
      vertex 63.88266340771415 18.691480284648904 36.142024173528405
      vertex 61.57399752539966 17.343631802704568 44.6520045679569
      vertex 61.39172964159496 17.965665949944153 44.70107778751053
    endloop
  endfacet
  facet normal -0.8518705259875863 -0.42988563958690384 -0.29919048084889305
    outer loop
      vertex 63.70039552390944 19.31351443188849 36.19109739308203
      vertex 61.39172964159496 17.965665949944153 44.70107778751053
      vertex 61.09574265920801 18.54430154656752 44.71242658717698
    endloop
  endfacet
  facet normal -0.7466707608944918 -0.5952850337012765 -0.29684760985480557
    outer loop
      vertex 63.404408541522486 19.892150028511857 36.20244619274848
      vertex 61.09574265920801 18.54430154656752 44.71242658717698
      vertex 60.69741119198053 19.057301951099017 44.685614838949554
    endloop
  endfacet
  facet normal -0.6127768571980029 -0.7378079578102078 -0.28309705168805455
    outer loop
      vertex 63.00607707429501 20.40515043304335 36.17563444452105
      vertex 60.69741119198053 19.057301951099017 44.685614838949554
      vertex 60.21204289481121 19.484952845686433 44.621672903276426
    endloop
  endfacet
  facet normal -0.09467728726332193 0.9869008907024603 0.13062481849613666
    outer loop
      vertex 60.74122929695694 14.909067390579438 34.69071163719303
      vertex 58.43256341464245 13.561218908635103 43.20069203162153
      vertex 59.05743351058038 13.597957487966749 43.376031367388784
    endloop
  endfacet
  facet normal -0.45533428252862257 0.8901493643716303 0.017458529804288348
    outer loop
      vertex 61.966956081477086 15.106994585381177 35.05458667967105
      vertex 59.6582901991626 13.759146103436843 43.56456707409954
      vertex 60.21204289481121 14.038590366948487 43.75905383027697
    endloop
  endfacet
  facet normal -0.28039346673607135 0.956911921793106 0.07549223630249847
    outer loop
      vertex 61.36609939289486 14.945805969911083 34.86605097296028
      vertex 59.05743351058038 13.597957487966749 43.376031367388784
      vertex 59.6582901991626 13.759146103436843 43.56456707409954
    endloop
  endfacet
  facet normal -0.2803934667360691 -0.9334057027026941 -0.22390466268887474
    outer loop
      vertex 61.966956081477086 21.158668328224493 36.01307763845798
      vertex 59.05743351058038 20.022380066795705 44.39355994194492
      vertex 61.36609939289486 21.370228548740037 35.88357954751642
    endloop
  endfacet
  facet normal -0.09467728726332396 -0.978963811842515 -0.18073756217021075
    outer loop
      vertex 61.36609939289486 21.370228548740037 35.88357954751642
      vertex 58.43256341464245 20.11150336660299 44.23815516946328
      vertex 60.74122929695694 21.45935184854732 35.72817477503479
    endloop
  endfacet
  facet normal -0.45533428252862224 -0.851977335867955 -0.2584672325875889
    outer loop
      vertex 62.52070877712569 20.832801327630765 36.11169250884793
      vertex 60.21204289481121 19.484952845686433 44.621672903276426
      vertex 59.6582901991626 19.81081984628016 44.523058032886475
    endloop
  endfacet
  facet normal -0.2803934667360741 -0.9334057027026923 -0.22390466268887632
    outer loop
      vertex 61.966956081477086 21.158668328224493 36.01307763845798
      vertex 59.6582901991626 19.81081984628016 44.523058032886475
      vertex 59.05743351058038 20.022380066795705 44.39355994194492
    endloop
  endfacet
  facet normal -0.0946772872633211 -0.9789638118425156 -0.1807375621702098
    outer loop
      vertex 61.36609939289486 21.370228548740037 35.88357954751642
      vertex 59.05743351058038 20.022380066795705 44.39355994194492
      vertex 58.43256341464245 20.11150336660299 44.23815516946328
    endloop
  endfacet
  facet normal -0.7118191378243781 0.3597246913085251 0.603250910890274
    outer loop
      vertex 61.09574265920801 14.905158483909625 44.136042949936986
      vertex 60.69741119198053 14.425551392169076 43.95201761895058
      vertex 61.38695328525736 14.512736489441846 44.713668563577755
    endloop
  endfacet
  facet normal -0.8377484098041925 0.12409805442683249 0.531768064815876
    outer loop
      vertex 61.39172964159496 15.458980610601303 44.304057832968994
      vertex 61.73069497141051 15.155912584967014 44.90879106094739
      vertex 61.94237005659613 15.860560713656543 45.07782152766913
    endloop
  endfacet
  facet normal -0.8639327809696659 -0.009407937817152765 0.5035192555126844
    outer loop
      vertex 61.94237005659613 15.860560713656543 45.07782152766913
      vertex 62.013843985999316 16.599601643096115 45.214264217700254
      vertex 61.57399752539966 16.065734698502375 44.449605550315496
    endloop
  endfacet
  facet normal -0.8377484098041923 0.12409805442683074 0.5317680648158767
    outer loop
      vertex 61.39172964159496 15.458980610601303 44.304057832968994
      vertex 61.94237005659613 15.860560713656543 45.07782152766913
      vertex 61.57399752539966 16.065734698502375 44.449605550315496
    endloop
  endfacet
  facet normal -0.7863859181727728 0.24873888993850365 0.5654433237131072
    outer loop
      vertex 61.09574265920801 14.905158483909625 44.136042949936986
      vertex 61.38695328525736 14.512736489441846 44.713668563577755
      vertex 61.73069497141051 15.155912584967014 44.90879106094739
    endloop
  endfacet
  facet normal -0.7863859181727736 0.24873888993848986 0.5654433237131123
    outer loop
      vertex 61.39172964159496 15.458980610601303 44.304057832968994
      vertex 61.09574265920801 14.905158483909625 44.136042949936986
      vertex 61.73069497141051 15.155912584967014 44.90879106094739
    endloop
  endfacet
  facet normal -0.7118191378243803 0.35972469130851575 0.6032509108902772
    outer loop
      vertex 61.38695328525736 14.512736489441846 44.713668563577755
      vertex 60.69741119198053 14.425551392169076 43.95201761895058
      vertex 60.92435479836301 13.95574932373476 44.49995248370819
    endloop
  endfacet
  facet normal -0.863932780969666 -0.009407937817152495 0.5035192555126842
    outer loop
      vertex 61.57399752539966 16.065734698502375 44.449605550315496
      vertex 62.013843985999316 16.599601643096115 45.214264217700254
      vertex 61.635541858064514 16.70210352828641 44.567092784822975
    endloop
  endfacet
  facet normal -0.863932780969666 -0.14664852638253828 0.48178248170294563
    outer loop
      vertex 62.013843985999316 16.599601643096115 45.214264217700254
      vertex 61.94237005659613 17.344634444826298 45.3128757149808
      vertex 61.635541858064514 16.70210352828641 44.567092784822975
    endloop
  endfacet
  facet normal -0.8639327809696683 -0.14664852638253387 0.48178248170294274
    outer loop
      vertex 61.94237005659613 17.344634444826298 45.3128757149808
      vertex 61.57399752539966 17.343631802704568 44.6520045679569
      vertex 61.635541858064514 16.70210352828641 44.567092784822975
    endloop
  endfacet
  facet normal -0.8377484098041946 -0.2823496324161714 0.46739307541404185
    outer loop
      vertex 61.94237005659613 17.344634444826298 45.3128757149808
      vertex 61.73069497141051 18.067027926095808 45.36986643497224
      vertex 61.57399752539966 17.343631802704568 44.6520045679569
    endloop
  endfacet
  facet normal -0.8377484098041921 -0.2823496324161745 0.46739307541404446
    outer loop
      vertex 61.73069497141051 18.067027926095808 45.36986643497224
      vertex 61.39172964159496 17.965665949944153 44.70107778751053
      vertex 61.57399752539966 17.343631802704568 44.6520045679569
    endloop
  endfacet
  facet normal -0.7863859181727682 -0.4112963385152413 0.4609040134599918
    outer loop
      vertex 61.73069497141051 18.067027926095808 45.36986643497224
      vertex 61.38695328525736 18.73902091054239 45.38304625626607
      vertex 61.39172964159496 17.965665949944153 44.70107778751053
    endloop
  endfacet
  facet normal -0.7863859181727741 -0.4112963385152363 0.46090401345998616
    outer loop
      vertex 61.39172964159496 17.965665949944153 44.70107778751053
      vertex 61.38695328525736 18.73902091054239 45.38304625626607
      vertex 61.09574265920801 18.54430154656752 44.71242658717698
    endloop
  endfacet
  facet normal -0.7118191378243819 -0.528533295078489 0.46256466685256936
    outer loop
      vertex 61.09574265920801 18.54430154656752 44.71242658717698
      vertex 61.38695328525736 18.73902091054239 45.38304625626607
      vertex 60.92435479836301 19.334789084631772 45.35190868572129
    endloop
  endfacet
  facet normal -0.7118191378243786 -0.5285332950784907 0.4625646668525724
    outer loop
      vertex 61.09574265920801 18.54430154656752 44.71242658717698
      vertex 60.92435479836301 19.334789084631772 45.35190868572129
      vertex 60.69741119198053 19.057301951099017 44.685614838949554
    endloop
  endfacet
  facet normal -0.6169136283102715 0.4527903364317925 0.6437379019748954
    outer loop
      vertex 60.92435479836301 13.95574932373476 44.49995248370819
      vertex 60.21204289481121 14.038590366948487 43.75905383027697
      vertex 60.360676911150584 13.506355792261878 44.275855810434734
    endloop
  endfacet
  facet normal -0.6169136283102694 0.45279033643179767 0.6437379019748941
    outer loop
      vertex 60.92435479836301 13.95574932373476 44.49995248370819
      vertex 60.69741119198053 14.425551392169076 43.95201761895058
      vertex 60.21204289481121 14.038590366948487 43.75905383027697
    endloop
  endfacet
  facet normal -0.5053165551374583 0.5243593647580556 0.6853484046049428
    outer loop
      vertex 60.21204289481121 14.038590366948487 43.75905383027697
      vertex 59.6582901991626 13.759146103436843 43.56456707409954
      vertex 60.360676911150584 13.506355792261878 44.275855810434734
    endloop
  endfacet
  facet normal -0.5053165551374527 0.5243593647580644 0.6853484046049404
    outer loop
      vertex 60.360676911150584 13.506355792261878 44.275855810434734
      vertex 59.6582901991626 13.759146103436843 43.56456707409954
      vertex 59.71758144871145 13.181825836414909 44.04999045323642
    endloop
  endfacet
  facet normal -0.3813165312435967 0.5716814186651118 0.726483350499787
    outer loop
      vertex 59.6582901991626 13.759146103436843 43.56456707409954
      vertex 59.05743351058038 13.597957487966749 43.376031367388784
      vertex 59.71758144871145 13.181825836414909 44.04999045323642
    endloop
  endfacet
  facet normal -0.3813165312435979 0.5716814186651105 0.7264833504997874
    outer loop
      vertex 59.71758144871145 13.181825836414909 44.04999045323642
      vertex 59.05743351058038 13.597957487966749 43.376031367388784
      vertex 59.01978220901505 12.994630960398553 43.83103629112362
    endloop
  endfacet
  facet normal -0.6169136283102701 -0.6295551516124513 0.4723112176132187
    outer loop
      vertex 60.92435479836301 19.334789084631772 45.35190868572129
      vertex 60.360676911150584 19.831437411544336 45.2776503227118
      vertex 60.69741119198053 19.057301951099017 44.685614838949554
    endloop
  endfacet
  facet normal -0.616913628310273 -0.6295551516124506 0.4723112176132161
    outer loop
      vertex 60.69741119198053 19.057301951099017 44.685614838949554
      vertex 60.360676911150584 19.831437411544336 45.2776503227118
      vertex 60.21204289481121 19.484952845686433 44.621672903276426
    endloop
  endfacet
  facet normal -0.5053165551374537 -0.7104796948242275 0.48976911126212225
    outer loop
      vertex 60.21204289481121 19.484952845686433 44.621672903276426
      vertex 60.360676911150584 19.831437411544336 45.2776503227118
      vertex 59.71758144871145 20.209879974600423 45.16312487448347
    endloop
  endfacet
  facet normal -0.5053165551374523 -0.7104796948242277 0.48976911126212375
    outer loop
      vertex 60.21204289481121 19.484952845686433 44.621672903276426
      vertex 59.71758144871145 20.209879974600423 45.16312487448347
      vertex 59.6582901991626 19.81081984628016 44.523058032886475
    endloop
  endfacet
  facet normal -0.3813165312435998 -0.7681970399011948 0.5142674507368623
    outer loop
      vertex 59.6582901991626 19.81081984628016 44.523058032886475
      vertex 59.01978220901505 20.455573438334824 45.012733489785106
      vertex 59.05743351058038 20.022380066795705 44.39355994194492
    endloop
  endfacet
  facet normal -0.3813165312436014 -0.768197039901195 0.5142674507368605
    outer loop
      vertex 59.6582901991626 19.81081984628016 44.523058032886475
      vertex 59.71758144871145 20.209879974600423 45.16312487448347
      vertex 59.01978220901505 20.455573438334824 45.012733489785106
    endloop
  endfacet
  facet normal 0.5053165551374527 0.7104796948242289 -0.4897691112621216
    outer loop
      vertex 59.51550251243679 15.209750910902265 34.40580877376984
      vertex 58.810337594535916 15.18265699861271 33.63895522376815
      vertex 58.96174981678818 15.535617911495994 34.30719390337989
    endloop
  endfacet
  facet normal 0.616913628310271 0.6295551516124523 -0.4723112176132162
    outer loop
      vertex 58.810337594535916 15.18265699861271 33.63895522376815
      vertex 58.24519597666848 15.680594997157518 33.564504030341155
      vertex 58.96174981678818 15.535617911495994 34.30719390337989
    endloop
  endfacet
  facet normal 0.6169136283102724 0.6295551516124496 -0.47231121761321804
    outer loop
      vertex 58.96174981678818 15.535617911495994 34.30719390337989
      vertex 58.24519597666848 15.680594997157518 33.564504030341155
      vertex 58.47638151961886 15.96326880608341 34.24325196770676
    endloop
  endfacet
  facet normal 0.7118191378243783 0.5285332950784912 -0.46256466685257247
    outer loop
      vertex 58.47638151961886 15.96326880608341 34.24325196770676
      vertex 58.24519597666848 15.680594997157518 33.564504030341155
      vertex 57.78139623707007 16.27791023236013 33.53328560330446
    endloop
  endfacet
  facet normal 0.7118191378243776 0.5285332950784938 -0.4625646668525706
    outer loop
      vertex 58.47638151961886 15.96326880608341 34.24325196770676
      vertex 57.78139623707007 16.27791023236013 33.53328560330446
      vertex 58.07805005239138 16.476269210614902 34.21644021947934
    endloop
  endfacet
  facet normal 0.7863859181727728 0.4112963385152361 -0.4609040134599886
    outer loop
      vertex 57.78139623707007 16.27791023236013 33.53328560330446
      vertex 57.43676193963158 16.95164821470995 33.54649964930161
      vertex 58.07805005239138 16.476269210614902 34.21644021947934
    endloop
  endfacet
  facet normal 0.7863859181727728 0.41129633851523567 -0.46090401345998894
    outer loop
      vertex 58.07805005239138 16.476269210614902 34.21644021947934
      vertex 57.43676193963158 16.95164821470995 33.54649964930161
      vertex 57.78206307000443 17.05490480723827 34.22778901914579
    endloop
  endfacet
  facet normal 0.7118191378243742 -0.35972469130851675 -0.6032509108902836
    outer loop
      vertex 58.24519597666848 21.073602780521203 34.41867254977508
      vertex 58.07805005239138 20.1154122732728 34.79282385671932
      vertex 57.78139623707007 20.51516925829138 34.20440150263668
    endloop
  endfacet
  facet normal 0.7863859181727696 -0.24873888993849377 -0.5654433237131163
    outer loop
      vertex 57.78206307000443 19.56159014658112 34.62480897368732
      vertex 57.78139623707007 20.51516925829138 34.20440150263668
      vertex 58.07805005239138 20.1154122732728 34.79282385671932
    endloop
  endfacet
  facet normal 0.7863859181727701 -0.24873888993849352 -0.5654433237131157
    outer loop
      vertex 57.78206307000443 19.56159014658112 34.62480897368732
      vertex 57.43676193963158 19.87032299512446 34.008772320886905
      vertex 57.78139623707007 20.51516925829138 34.20440150263668
    endloop
  endfacet
  facet normal 0.8377484098041942 0.2823496324161732 -0.46739307541404146
    outer loop
      vertex 57.78206307000443 17.05490480723827 34.22778901914579
      vertex 57.43676193963158 16.95164821470995 33.54649964930161
      vertex 57.22453718713042 17.67591757138189 33.60363835995544
    endloop
  endfacet
  facet normal 0.8377484098041947 0.28234963241617733 -0.4673930754140379
    outer loop
      vertex 57.78206307000443 17.05490480723827 34.22778901914579
      vertex 57.22453718713042 17.67591757138189 33.60363835995544
      vertex 57.59979518619972 17.67693895447786 34.27686223869941
    endloop
  endfacet
  facet normal 0.8639327809696685 0.1466485263825398 -0.4817824817029407
    outer loop
      vertex 57.59979518619972 17.67693895447786 34.27686223869941
      vertex 57.1528776577882 18.42288503717398 33.702505926659285
      vertex 57.53825085353487 18.31846722889601 34.36177402183334
    endloop
  endfacet
  facet normal 0.863932780969669 0.14664852638254133 -0.48178248170293914
    outer loop
      vertex 57.22453718713042 17.67591757138189 33.60363835995544
      vertex 57.1528776577882 18.42288503717398 33.702505926659285
      vertex 57.59979518619972 17.67693895447786 34.27686223869941
    endloop
  endfacet
  facet normal 0.8377484098041957 -0.12409805442683246 -0.531768064815871
    outer loop
      vertex 57.43676193963158 19.87032299512446 34.008772320886905
      vertex 57.59979518619972 18.95483605868005 34.47926125634082
      vertex 57.22453718713042 19.16384507128001 33.83930292427029
    endloop
  endfacet
  facet normal 0.8639327809696682 0.009407937817149584 -0.5035192555126804
    outer loop
      vertex 57.22453718713042 19.16384507128001 33.83930292427029
      vertex 57.53825085353487 18.31846722889601 34.36177402183334
      vertex 57.1528776577882 18.42288503717398 33.702505926659285
    endloop
  endfacet
  facet normal 0.8639327809696693 0.009407937817151088 -0.5035192555126786
    outer loop
      vertex 57.22453718713042 19.16384507128001 33.83930292427029
      vertex 57.59979518619972 18.95483605868005 34.47926125634082
      vertex 57.53825085353487 18.31846722889601 34.36177402183334
    endloop
  endfacet
  facet normal 0.8377484098041884 -0.12409805442683876 -0.5317680648158808
    outer loop
      vertex 57.78206307000443 19.56159014658112 34.62480897368732
      vertex 57.59979518619972 18.95483605868005 34.47926125634082
      vertex 57.43676193963158 19.87032299512446 34.008772320886905
    endloop
  endfacet
  facet normal 0.2803934667360741 0.9334057027026922 0.22390466268887627
    outer loop
      vertex 60.11635920101901 14.998190690386721 34.535306864711394
      vertex 59.51550251243679 15.209750910902265 34.40580877376984
      vertex 57.80769331870452 13.650342208442387 43.0452872591399
    endloop
  endfacet
  facet normal 0.45533428252862235 0.8519773358679547 0.25846723258758963
    outer loop
      vertex 59.51550251243679 15.209750910902265 34.40580877376984
      vertex 58.96174981678818 15.535617911495994 34.30719390337989
      vertex 57.206836630122304 13.86190242895793 42.91578916819834
    endloop
  endfacet
  facet normal 0.6127768571980026 0.7378079578102078 0.2830970516880556
    outer loop
      vertex 58.96174981678818 15.535617911495994 34.30719390337989
      vertex 58.47638151961886 15.96326880608341 34.24325196770676
      vertex 56.65308393447369 14.187769429551658 42.817174297808386
    endloop
  endfacet
  facet normal 0.5053165551374544 -0.5243593647580601 -0.6853484046049423
    outer loop
      vertex 59.45510301523282 21.849535953795964 34.869803019230424
      vertex 58.96174981678818 20.98198039023394 35.16981297637935
      vertex 58.810337594535916 21.524163274727773 34.64335114612517
    endloop
  endfacet
  facet normal 0.616913628310269 -0.45279033643179617 -0.6437379019748956
    outer loop
      vertex 58.96174981678818 20.98198039023394 35.16981297637935
      vertex 58.47638151961886 20.59501936501335 34.97684918770574
      vertex 58.810337594535916 21.524163274727773 34.64335114612517
    endloop
  endfacet
  facet normal 0.6169136283102714 -0.4527903364317962 -0.643737901974893
    outer loop
      vertex 58.24519597666848 21.073602780521203 34.41867254977508
      vertex 58.810337594535916 21.524163274727773 34.64335114612517
      vertex 58.47638151961886 20.59501936501335 34.97684918770574
    endloop
  endfacet
  facet normal 0.7118191378243802 -0.35972469130851537 -0.6032509108902774
    outer loop
      vertex 58.24519597666848 21.073602780521203 34.41867254977508
      vertex 58.47638151961886 20.59501936501335 34.97684918770574
      vertex 58.07805005239138 20.1154122732728 34.79282385671932
    endloop
  endfacet
  facet normal 0.2803934667360739 -0.9569119217931052 -0.07549223630249771
    outer loop
      vertex 60.11635920101901 21.422613269215677 35.55283543926753
      vertex 57.206836630122304 19.913576171801246 43.87428012698527
      vertex 59.51550251243679 21.261424653745582 35.36429973255677
    endloop
  endfacet
  facet normal 0.45533428252862074 -0.8901493643716313 -0.01745852980428924
    outer loop
      vertex 59.51550251243679 21.261424653745582 35.36429973255677
      vertex 56.65308393447369 19.634131908289604 43.67979337080785
      vertex 58.96174981678818 20.98198039023394 35.16981297637935
    endloop
  endfacet
  facet normal 0.612776857198005 -0.789178866078868 0.041246098203443375
    outer loop
      vertex 58.96174981678818 20.98198039023394 35.16981297637935
      vertex 56.167715637304376 19.247170883069014 43.486829582134234
      vertex 58.47638151961886 20.59501936501335 34.97684918770574
    endloop
  endfacet
  facet normal 0.7466707608944896 0.5952850337012792 0.2968476098548056
    outer loop
      vertex 58.47638151961886 15.96326880608341 34.24325196770676
      vertex 58.07805005239138 16.476269210614902 34.21644021947934
      vertex 56.167715637304376 14.615420324139073 42.753232362135265
    endloop
  endfacet
  facet normal 0.8518705259875863 0.42988563958690384 0.2991904808488929
    outer loop
      vertex 58.07805005239138 16.476269210614902 34.21644021947934
      vertex 57.78206307000443 17.05490480723827 34.22778901914579
      vertex 55.7693841700769 15.12842072867057 42.726420613907834
    endloop
  endfacet
  facet normal 0.9243333845014694 0.24796598142586312 0.29003562945191286
    outer loop
      vertex 57.78206307000443 17.05490480723827 34.22778901914579
      vertex 57.59979518619972 17.67693895447786 34.27686223869941
      vertex 55.47339718768995 15.707056325293935 42.737769413574284
    endloop
  endfacet
  facet normal 0.9612746294211026 0.05651712965952772 0.269734871468948
    outer loop
      vertex 57.59979518619972 17.67693895447786 34.27686223869941
      vertex 57.53825085353487 18.31846722889601 34.36177402183334
      vertex 55.29112930388524 16.329090472533522 42.78684263312791
    endloop
  endfacet
  facet normal 0.8518705259875863 -0.5013004819283547 0.15170508815472306
    outer loop
      vertex 57.78206307000443 19.56159014658112 34.62480897368732
      vertex 58.07805005239138 20.1154122732728 34.79282385671932
      vertex 55.47339718768995 18.21374166463679 43.134789368115825
    endloop
  endfacet
  facet normal 0.92433338450147 -0.32545560092946507 0.19921457306055332
    outer loop
      vertex 57.78206307000443 19.56159014658112 34.62480897368732
      vertex 55.29112930388524 17.606987576735715 42.98924165076932
      vertex 57.59979518619972 18.95483605868005 34.47926125634082
    endloop
  endfacet
  facet normal 0.7466707608944898 -0.6578806665393004 0.09836566178829578
    outer loop
      vertex 58.47638151961886 20.59501936501335 34.97684918770574
      vertex 55.7693841700769 18.767563791328463 43.302804251147826
      vertex 58.07805005239138 20.1154122732728 34.79282385671932
    endloop
  endfacet
  facet normal 0.9612746294211026 -0.13710364370443895 0.23906835364449222
    outer loop
      vertex 57.53825085353487 18.31846722889601 34.36177402183334
      vertex 57.59979518619972 18.95483605868005 34.47926125634082
      vertex 55.22958497122039 16.97061874695168 42.871754416261844
    endloop
  endfacet
  facet normal 0.09467728726332285 0.9789638118425151 0.18073756217021053
    outer loop
      vertex 60.11635920101901 14.998190690386721 34.535306864711394
      vertex 57.80769331870452 13.650342208442387 43.0452872591399
      vertex 58.43256341464245 13.561218908635103 43.20069203162153
    endloop
  endfacet
  facet normal 0.28039346673606935 0.9334057027026937 0.22390466268887557
    outer loop
      vertex 59.51550251243679 15.209750910902265 34.40580877376984
      vertex 57.206836630122304 13.86190242895793 42.91578916819834
      vertex 57.80769331870452 13.650342208442387 43.0452872591399
    endloop
  endfacet
  facet normal 0.4553342825286224 0.8519773358679547 0.25846723258758963
    outer loop
      vertex 58.96174981678818 15.535617911495994 34.30719390337989
      vertex 56.65308393447369 14.187769429551658 42.817174297808386
      vertex 57.206836630122304 13.86190242895793 42.91578916819834
    endloop
  endfacet
  facet normal 0.09467728726332283 -0.9869008907024602 -0.13062481849613614
    outer loop
      vertex 60.74122929695694 21.45935184854732 35.72817477503479
      vertex 58.43256341464245 20.11150336660299 44.23815516946328
      vertex 57.80769331870452 20.07476478727134 44.062815833696035
    endloop
  endfacet
  facet normal 0.28039346673607474 -0.9569119217931051 -0.07549223630249745
    outer loop
      vertex 60.11635920101901 21.422613269215677 35.55283543926753
      vertex 57.80769331870452 20.07476478727134 44.062815833696035
      vertex 57.206836630122304 19.913576171801246 43.87428012698527
    endloop
  endfacet
  facet normal 0.4553342825286207 -0.8901493643716313 -0.017458529804289347
    outer loop
      vertex 59.51550251243679 21.261424653745582 35.36429973255677
      vertex 57.206836630122304 19.913576171801246 43.87428012698527
      vertex 56.65308393447369 19.634131908289604 43.67979337080785
    endloop
  endfacet
  facet normal 0.612776857198005 0.7378079578102056 0.2830970516880557
    outer loop
      vertex 58.47638151961886 15.96326880608341 34.24325196770676
      vertex 56.167715637304376 14.615420324139073 42.753232362135265
      vertex 56.65308393447369 14.187769429551658 42.817174297808386
    endloop
  endfacet
  facet normal 0.7466707608944898 0.5952850337012789 0.2968476098548057
    outer loop
      vertex 58.07805005239138 16.476269210614902 34.21644021947934
      vertex 55.7693841700769 15.12842072867057 42.726420613907834
      vertex 56.167715637304376 14.615420324139073 42.753232362135265
    endloop
  endfacet
  facet normal 0.8518705259875857 0.42988563958690507 0.2991904808488931
    outer loop
      vertex 57.78206307000443 17.05490480723827 34.22778901914579
      vertex 55.47339718768995 15.707056325293935 42.737769413574284
      vertex 55.7693841700769 15.12842072867057 42.726420613907834
    endloop
  endfacet
  facet normal 0.8518705259875851 -0.5013004819283571 0.15170508815472208
    outer loop
      vertex 58.07805005239138 20.1154122732728 34.79282385671932
      vertex 55.7693841700769 18.767563791328463 43.302804251147826
      vertex 55.47339718768995 18.21374166463679 43.134789368115825
    endloop
  endfacet
  facet normal 0.9243333845014731 0.24796598142585102 0.2900356294519111
    outer loop
      vertex 57.59979518619972 17.67693895447786 34.27686223869941
      vertex 55.29112930388524 16.329090472533522 42.78684263312791
      vertex 55.47339718768995 15.707056325293935 42.737769413574284
    endloop
  endfacet
  facet normal 0.9612746294211026 0.056517129659527605 0.269734871468948
    outer loop
      vertex 57.53825085353487 18.31846722889601 34.36177402183334
      vertex 55.22958497122039 16.97061874695168 42.871754416261844
      vertex 55.29112930388524 16.329090472533522 42.78684263312791
    endloop
  endfacet
  facet normal 0.9612746294211025 -0.13710364370443942 0.23906835364449192
    outer loop
      vertex 57.59979518619972 18.95483605868005 34.47926125634082
      vertex 55.29112930388524 17.606987576735715 42.98924165076932
      vertex 55.22958497122039 16.97061874695168 42.871754416261844
    endloop
  endfacet
  facet normal 0.9243333845014731 -0.3254556009294541 0.1992145730605568
    outer loop
      vertex 57.78206307000443 19.56159014658112 34.62480897368732
      vertex 55.47339718768995 18.21374166463679 43.134789368115825
      vertex 55.29112930388524 17.606987576735715 42.98924165076932
    endloop
  endfacet
  facet normal 0.7466707608944904 -0.6578806665392996 0.09836566178829619
    outer loop
      vertex 58.47638151961886 20.59501936501335 34.97684918770574
      vertex 56.167715637304376 19.247170883069014 43.486829582134234
      vertex 55.7693841700769 18.767563791328463 43.302804251147826
    endloop
  endfacet
  facet normal 0.6127768571980049 -0.789178866078868 0.0412460982034432
    outer loop
      vertex 58.96174981678818 20.98198039023394 35.16981297637935
      vertex 56.65308393447369 19.634131908289604 43.67979337080785
      vertex 56.167715637304376 19.247170883069014 43.486829582134234
    endloop
  endfacet
  facet normal -0.24967880800693595 0.5929379381598034 0.7655619467574369
    outer loop
      vertex 58.43256341464245 13.561218908635103 43.20069203162153
      vertex 59.01978220901505 12.994630960398553 43.83103629112362
      vertex 59.05743351058038 13.597957487966749 43.376031367388784
    endloop
  endfacet
  facet normal -0.24967880800693562 0.5929379381598037 0.7655619467574368
    outer loop
      vertex 58.43256341464245 13.561218908635103 43.20069203162153
      vertex 58.2940952255126 12.951964958318024 43.627407609755416
      vertex 59.01978220901505 12.994630960398553 43.83103629112362
    endloop
  endfacet
  facet normal -0.11546214930814716 0.5873120471187565 0.8010824248392413
    outer loop
      vertex 58.43256341464245 13.561218908635103 43.20069203162153
      vertex 57.80769331870452 13.650342208442387 43.0452872591399
      vertex 58.2940952255126 12.951964958318024 43.627407609755416
    endloop
  endfacet
  facet normal -0.11546214930815255 0.5873120471187537 0.8010824248392425
    outer loop
      vertex 58.2940952255126 12.951964958318024 43.627407609755416
      vertex 57.80769331870452 13.650342208442387 43.0452872591399
      vertex 57.56840824201016 13.05546746070591 43.446929745160524
    endloop
  endfacet
  facet normal -0.11546214930815002 -0.8061150326813558 0.5803852566720482
    outer loop
      vertex 58.43256341464245 20.11150336660299 44.23815516946328
      vertex 57.56840824201016 20.516409938642177 44.62862694382202
      vertex 57.80769331870452 20.07476478727134 44.062815833696035
    endloop
  endfacet
  facet normal -0.24967880800693076 -0.8004891416403098 0.5448647785902464
    outer loop
      vertex 59.05743351058038 20.022380066795705 44.39355994194492
      vertex 59.01978220901505 20.455573438334824 45.012733489785106
      vertex 58.2940952255126 20.559075940722707 44.832255625190214
    endloop
  endfacet
  facet normal -0.24967880800693276 -0.8004891416403108 0.5448647785902441
    outer loop
      vertex 58.43256341464245 20.11150336660299 44.23815516946328
      vertex 59.05743351058038 20.022380066795705 44.39355994194492
      vertex 58.2940952255126 20.559075940722707 44.832255625190214
    endloop
  endfacet
  facet normal -0.11546214930815078 -0.8061150326813564 0.5803852566720472
    outer loop
      vertex 58.43256341464245 20.11150336660299 44.23815516946328
      vertex 58.2940952255126 20.559075940722707 44.832255625190214
      vertex 57.56840824201016 20.516409938642177 44.62862694382202
    endloop
  endfacet
  facet normal 0.016175573928503977 0.5550199453796417 0.8316797526926233
    outer loop
      vertex 57.80769331870452 13.650342208442387 43.0452872591399
      vertex 57.206836630122304 13.86190242895793 42.91578916819834
      vertex 57.56840824201016 13.05546746070591 43.446929745160524
    endloop
  endfacet
  facet normal 0.016175573928515354 0.5550199453796452 0.8316797526926207
    outer loop
      vertex 57.206836630122304 13.86190242895793 42.91578916819834
      vertex 56.870609002313756 13.30116092444031 43.296538360462165
      vertex 57.56840824201016 13.05546746070591 43.446929745160524
    endloop
  endfacet
  facet normal 0.14017559782237193 0.49730260030267476 0.8561780921673592
    outer loop
      vertex 57.206836630122304 13.86190242895793 42.91578916819834
      vertex 56.65308393447369 14.187769429551658 42.817174297808386
      vertex 56.870609002313756 13.30116092444031 43.296538360462165
    endloop
  endfacet
  facet normal 0.14017559782235978 0.49730260030267326 0.856178092167362
    outer loop
      vertex 56.870609002313756 13.30116092444031 43.296538360462165
      vertex 56.65308393447369 14.187769429551658 42.817174297808386
      vertex 56.22751353987462 13.679603487496397 43.18201291223383
    endloop
  endfacet
  facet normal 0.2517726709951838 0.41637805709089293 0.8736359858162689
    outer loop
      vertex 56.65308393447369 14.187769429551658 42.817174297808386
      vertex 56.167715637304376 14.615420324139073 42.753232362135265
      vertex 56.22751353987462 13.679603487496397 43.18201291223383
    endloop
  endfacet
  facet normal 0.2517726709951862 0.4163780570908927 0.8736359858162682
    outer loop
      vertex 56.167715637304376 14.615420324139073 42.753232362135265
      vertex 55.66383565266219 14.17625181440896 43.10775454922434
      vertex 56.22751353987462 13.679603487496397 43.18201291223383
    endloop
  endfacet
  facet normal 0.016175573928509792 -0.7848585131866627 0.6194638529296965
    outer loop
      vertex 57.80769331870452 20.07476478727134 44.062815833696035
      vertex 56.870609002313756 20.329215062625824 44.40967278170922
      vertex 57.206836630122304 19.913576171801246 43.87428012698527
    endloop
  endfacet
  facet normal 0.14017559782236721 -0.7375364592796148 0.6605987988245445
    outer loop
      vertex 57.206836630122304 19.913576171801246 43.87428012698527
      vertex 56.22751353987462 20.00468510677885 44.183807424510896
      vertex 56.65308393447369 19.634131908289604 43.67979337080785
    endloop
  endfacet
  facet normal 0.25177267099518147 -0.6659674309533548 0.7022093014545883
    outer loop
      vertex 56.65308393447369 19.634131908289604 43.67979337080785
      vertex 55.66383565266219 19.555291575305972 43.95971075123744
      vertex 56.167715637304376 19.247170883069014 43.486829582134234
    endloop
  endfacet
  facet normal 0.2517726709951822 -0.6659674309533505 0.7022093014545919
    outer loop
      vertex 56.65308393447369 19.634131908289604 43.67979337080785
      vertex 56.22751353987462 20.00468510677885 44.183807424510896
      vertex 55.66383565266219 19.555291575305972 43.95971075123744
    endloop
  endfacet
  facet normal 0.14017559782236724 -0.7375364592796148 0.6605987988245445
    outer loop
      vertex 57.206836630122304 19.913576171801246 43.87428012698527
      vertex 56.870609002313756 20.329215062625824 44.40967278170922
      vertex 56.22751353987462 20.00468510677885 44.183807424510896
    endloop
  endfacet
  facet normal 0.016175573928509573 -0.7848585131866629 0.6194638529296962
    outer loop
      vertex 57.80769331870452 20.07476478727134 44.062815833696035
      vertex 57.56840824201016 20.516409938642177 44.62862694382202
      vertex 56.870609002313756 20.329215062625824 44.40967278170922
    endloop
  endfacet
  facet normal 0.34667818050928684 0.3153562005569406 0.8833825365769131
    outer loop
      vertex 56.167715637304376 14.615420324139073 42.753232362135265
      vertex 55.7693841700769 15.12842072867057 42.726420613907834
      vertex 55.66383565266219 14.17625181440896 43.10775454922434
    endloop
  endfacet
  facet normal 0.3466781805092848 0.315356200556941 0.8833825365769137
    outer loop
      vertex 55.66383565266219 14.17625181440896 43.10775454922434
      vertex 55.7693841700769 15.12842072867057 42.726420613907834
      vertex 55.201237165767836 14.772019988498341 43.07661697867956
    endloop
  endfacet
  facet normal 0.42124496085768165 0.19811924399368128 0.8850431899694966
    outer loop
      vertex 55.7693841700769 15.12842072867057 42.726420613907834
      vertex 55.47339718768995 15.707056325293935 42.737769413574284
      vertex 55.201237165767836 14.772019988498341 43.07661697867956
    endloop
  endfacet
  facet normal 0.4726074524891086 0.06917253789461653 0.8785541280154415
    outer loop
      vertex 55.47339718768995 15.707056325293935 42.737769413574284
      vertex 55.29112930388524 16.329090472533522 42.78684263312791
      vertex 54.8574954796147 15.444012972944924 43.08979679997339
    endloop
  endfacet
  facet normal 0.4212449608576875 0.19811924399367883 0.8850431899694944
    outer loop
      vertex 55.47339718768995 15.707056325293935 42.737769413574284
      vertex 54.8574954796147 15.444012972944924 43.08979679997339
      vertex 55.201237165767836 14.772019988498341 43.07661697867956
    endloop
  endfacet
  facet normal 0.47260745248910013 0.06917253789462209 0.8785541280154457
    outer loop
      vertex 55.29112930388524 16.329090472533522 42.78684263312791
      vertex 54.645820394429066 16.166406454214435 43.14678751996483
      vertex 54.8574954796147 15.444012972944924 43.08979679997339
    endloop
  endfacet
  facet normal 0.4212449608576798 -0.4619159844600496 0.7805038797163759
    outer loop
      vertex 55.7693841700769 18.767563791328463 43.302804251147826
      vertex 54.8574954796147 18.355128314073717 43.55087217399824
      vertex 55.47339718768995 18.21374166463679 43.134789368115825
    endloop
  endfacet
  facet normal 0.3466781805092925 -0.5729017858300655 0.7426962925392102
    outer loop
      vertex 56.167715637304376 19.247170883069014 43.486829582134234
      vertex 55.201237165767836 18.998304409598887 43.74599467136788
      vertex 55.7693841700769 18.767563791328463 43.302804251147826
    endloop
  endfacet
  facet normal 0.3466781805092928 -0.5729017858300728 0.7426962925392043
    outer loop
      vertex 56.167715637304376 19.247170883069014 43.486829582134234
      vertex 55.66383565266219 19.555291575305972 43.95971075123744
      vertex 55.201237165767836 18.998304409598887 43.74599467136788
    endloop
  endfacet
  facet normal 0.4212449608576807 -0.461915984460053 0.7805038797163735
    outer loop
      vertex 55.7693841700769 18.767563791328463 43.302804251147826
      vertex 55.201237165767836 18.998304409598887 43.74599467136788
      vertex 54.8574954796147 18.355128314073717 43.55087217399824
    endloop
  endfacet
  facet normal 0.4987918236545745 -0.0665285681390173 0.8641647217265445
    outer loop
      vertex 55.29112930388524 16.329090472533522 42.78684263312791
      vertex 55.22958497122039 16.97061874695168 42.871754416261844
      vertex 54.645820394429066 16.166406454214435 43.14678751996483
    endloop
  endfacet
  facet normal 0.49879182365457175 -0.20376915670440351 0.8424279479168073
    outer loop
      vertex 55.22958497122039 16.97061874695168 42.871754416261844
      vertex 55.29112930388524 17.606987576735715 42.98924165076932
      vertex 54.57434646502588 16.911439255944618 43.245399017245376
    endloop
  endfacet
  facet normal 0.47260745248909997 -0.33727514894838273 0.8141791386136158
    outer loop
      vertex 55.29112930388524 17.606987576735715 42.98924165076932
      vertex 55.47339718768995 18.21374166463679 43.134789368115825
      vertex 54.645820394429066 17.65048018538419 43.3818417072765
    endloop
  endfacet
  facet normal 0.47260745248910113 -0.33727514894838534 0.8141791386136139
    outer loop
      vertex 55.47339718768995 18.21374166463679 43.134789368115825
      vertex 54.8574954796147 18.355128314073717 43.55087217399824
      vertex 54.645820394429066 17.65048018538419 43.3818417072765
    endloop
  endfacet
  facet normal 0.49879182365457164 -0.0665285681390147 0.8641647217265462
    outer loop
      vertex 54.645820394429066 16.166406454214435 43.14678751996483
      vertex 55.22958497122039 16.97061874695168 42.871754416261844
      vertex 54.57434646502588 16.911439255944618 43.245399017245376
    endloop
  endfacet
  facet normal 0.4987918236545725 -0.20376915670440457 0.8424279479168064
    outer loop
      vertex 55.29112930388524 17.606987576735715 42.98924165076932
      vertex 54.645820394429066 17.65048018538419 43.3818417072765
      vertex 54.57434646502588 16.911439255944618 43.245399017245376
    endloop
  endfacet
  facet normal -0.7000477700484221 -0.21351510604369367 -0.681428220094664
    outer loop
      vertex 62.735198513130065 -25.905886159126297 31.56097267508349
      vertex 62.08574527232907 -25.229965721522245 32.01638244519577
      vertex 62.611507359948845 -25.166540923820726 31.4563810860383
    endloop
  endfacet
  facet normal -0.6911463830248159 0.06017263643504385 -0.7202054783575105
    outer loop
      vertex 62.71083782863725 -26.654895355826852 31.667095524425065
      vertex 62.53936147391384 -27.38478451054239 31.770671392477205
      vertex 62.171054615899 -26.508229493659904 32.197353205294284
    endloop
  endfacet
  facet normal -0.7092096223471454 -0.07623513893749231 -0.7008636922836
    outer loop
      vertex 62.71083782863725 -26.654895355826852 31.667095524425065
      vertex 62.19197663540054 -25.86494769158958 32.1062102686441
      vertex 62.735198513130065 -25.905886159126297 31.56097267508349
    endloop
  endfacet
  facet normal -0.6465522122386077 0.190466145764721 -0.738710284324575
    outer loop
      vertex 62.53936147391384 -27.38478451054239 31.770671392477205
      vertex 62.22735918910681 -28.067504392383743 31.867719916716677
      vertex 62.02378323530069 -27.13509016883624 32.28630868320441
    endloop
  endfacet
  facet normal -0.6911463830248168 0.0601726364350431 -0.7202054783575096
    outer loop
      vertex 62.53936147391384 -27.38478451054239 31.770671392477205
      vertex 62.02378323530069 -27.13509016883624 32.28630868320441
      vertex 62.171054615899 -26.508229493659904 32.197353205294284
    endloop
  endfacet
  facet normal -0.7092096223471466 -0.07623513893749391 -0.7008636922835986
    outer loop
      vertex 62.71083782863725 -26.654895355826852 31.667095524425065
      vertex 62.171054615899 -26.508229493659904 32.197353205294284
      vertex 62.19197663540054 -25.86494769158958 32.1062102686441
    endloop
  endfacet
  facet normal -0.7000477700484237 -0.21351510604369678 -0.6814282200946615
    outer loop
      vertex 62.735198513130065 -25.905886159126297 31.56097267508349
      vertex 62.19197663540054 -25.86494769158958 32.1062102686441
      vertex 62.08574527232907 -25.229965721522245 32.01638244519577
    endloop
  endfacet
  facet normal -0.5771408389631362 0.3096382825574328 -0.7556669808690933
    outer loop
      vertex 62.22735918910681 -28.067504392383743 31.867719916716677
      vertex 61.78682104704838 -28.676818459165474 31.9545115767824
      vertex 61.755822050171254 -27.72143981291908 32.36965819324519
    endloop
  endfacet
  facet normal -0.6465522122386061 0.19046614576472184 -0.7387102843245762
    outer loop
      vertex 62.22735918910681 -28.067504392383743 31.867719916716677
      vertex 61.755822050171254 -27.72143981291908 32.36965819324519
      vertex 62.02378323530069 -27.13509016883624 32.28630868320441
    endloop
  endfacet
  facet normal -0.37538744848394684 0.4969029491130429 -0.782414035331341
    outer loop
      vertex 61.23467668148123 -29.189311113008422 32.02771101785138
      vertex 60.592144690727984 -29.585287548634593 32.08450522645404
      vertex 60.903262969185285 -28.68489640597149 32.507065536581585
    endloop
  endfacet
  facet normal -0.4855797033470386 0.413109328428735 -0.770423931652283
    outer loop
      vertex 61.78682104704838 -28.676818459165474 31.9545115767824
      vertex 61.23467668148123 -29.189311113008422 32.02771101785138
      vertex 61.37746865858085 -28.244745337914985 32.444198660488716
    endloop
  endfacet
  facet normal -0.577140838963136 0.30963828255743286 -0.7556669808690935
    outer loop
      vertex 61.78682104704838 -28.676818459165474 31.9545115767824
      vertex 61.37746865858085 -28.244745337914985 32.444198660488716
      vertex 61.755822050171254 -27.72143981291908 32.36965819324519
    endloop
  endfacet
  facet normal -0.48557970334703937 0.41310932842873493 -0.7704239316522825
    outer loop
      vertex 61.23467668148123 -29.189311113008422 32.02771101785138
      vertex 60.903262969185285 -28.68489640597149 32.507065536581585
      vertex 61.37746865858085 -28.244745337914985 32.444198660488716
    endloop
  endfacet
  facet normal -0.664012910974461 -0.34639167273515764 -0.6626459560873831
    outer loop
      vertex 62.611507359948845 -25.166540923820726 31.4563810860383
      vertex 61.85644293839218 -24.62768558446559 31.931321767828397
      vertex 62.344517750743556 -24.465272272673356 31.357340153400852
    endloop
  endfacet
  facet normal -0.6024898445508936 -0.46975846707196567 -0.6452386921343427
    outer loop
      vertex 62.344517750743556 -24.465272272673356 31.357340153400852
      vertex 61.512881593688846 -24.08125256832411 31.854297070670626
      vertex 61.944489946466454 -23.82902956667178 31.267655964669615
    endloop
  endfacet
  facet normal -0.664012910974461 -0.3463916727351579 -0.662645956087383
    outer loop
      vertex 62.611507359948845 -25.166540923820726 31.4563810860383
      vertex 62.08574527232907 -25.229965721522245 32.01638244519577
      vertex 61.85644293839218 -24.62768558446559 31.931321767828397
    endloop
  endfacet
  facet normal -0.6024898445508936 -0.46975846707196434 -0.6452386921343437
    outer loop
      vertex 62.344517750743556 -24.465272272673356 31.357340153400852
      vertex 61.85644293839218 -24.62768558446559 31.931321767828397
      vertex 61.512881593688846 -24.08125256832411 31.854297070670626
    endloop
  endfacet
  facet normal -0.5178428677178415 -0.5788745723326474 -0.6298753796271581
    outer loop
      vertex 61.944489946466454 -23.82902956667178 31.267655964669615
      vertex 61.068264108024586 -23.61166578746496 31.78826836963829
      vertex 61.42679679129773 -23.282263256198625 31.190775032922062
    endloop
  endfacet
  facet normal -0.5178428677178404 -0.5788745723326532 -0.6298753796271539
    outer loop
      vertex 61.944489946466454 -23.82902956667178 31.267655964669615
      vertex 61.512881593688846 -24.08125256832411 31.854297070670626
      vertex 61.068264108024586 -23.61166578746496 31.78826836963829
    endloop
  endfacet
  facet normal -0.4133249163244248 -0.6695467177850661 -0.6171464220496237
    outer loop
      vertex 61.42679679129773 -23.282263256198625 31.190775032922062
      vertex 60.53967688202913 -23.236971198529254 31.73577311068273
      vertex 60.81133294286486 -22.845985263935294 31.129651849249917
    endloop
  endfacet
  facet normal -0.4133249163244264 -0.6695467177850625 -0.6171464220496267
    outer loop
      vertex 61.42679679129773 -23.282263256198625 31.190775032922062
      vertex 61.068264108024586 -23.61166578746496 31.78826836963829
      vertex 60.53967688202913 -23.236971198529254 31.73577311068273
    endloop
  endfacet
  facet normal -0.37538744848394784 0.49690294911304295 -0.7824140353313405
    outer loop
      vertex 60.903262969185285 -28.68489640597149 32.507065536581585
      vertex 60.592144690727984 -29.585287548634593 32.08450522645404
      vertex 60.3514284406904 -29.02497825838274 32.555842882731696
    endloop
  endfacet
  facet normal -0.2507987009317496 0.5577990027594414 -0.7911765189460058
    outer loop
      vertex 60.592144690727984 -29.585287548634593 32.08450522645404
      vertex 59.88391721885719 -29.84953061368902 32.12271163300436
      vertex 60.3514284406904 -29.02497825838274 32.555842882731696
    endloop
  endfacet
  facet normal -0.25079870093174583 0.5577990027594403 -0.7911765189460078
    outer loop
      vertex 60.3514284406904 -29.02497825838274 32.555842882731696
      vertex 59.88391721885719 -29.84953061368902 32.12271163300436
      vertex 59.74317176455389 -29.25192174028067 32.588656212881155
    endloop
  endfacet
  facet normal -0.11660133638867462 0.5934572881772121 -0.7963746451650281
    outer loop
      vertex 59.88391721885719 -29.84953061368902 32.12271163300436
      vertex 59.1372110504343 -29.971885595370882 32.140861986724985
      vertex 59.74317176455389 -29.25192174028067 32.588656212881155
    endloop
  endfacet
  facet normal -0.1166013363886754 0.5934572881772127 -0.7963746451650278
    outer loop
      vertex 59.74317176455389 -29.25192174028067 32.588656212881155
      vertex 59.1372110504343 -29.971885595370882 32.140861986724985
      vertex 59.10186790372542 -29.35700554092732 32.60424452915424
    endloop
  endfacet
  facet normal -0.2929525566283612 -0.7382904237289918 -0.607540986102973
    outer loop
      vertex 60.81133294286486 -22.845985263935294 31.129651849249917
      vertex 59.94743322636234 -22.971568104438646 31.698828657165933
      vertex 60.121750331707005 -22.536961508456947 31.086635343323437
    endloop
  endfacet
  facet normal -0.2929525566283609 -0.738290423728992 -0.6075409861029727
    outer loop
      vertex 60.81133294286486 -22.845985263935294 31.129651849249917
      vertex 60.53967688202913 -23.236971198529254 31.73577311068273
      vertex 59.94743322636234 -22.971568104438646 31.698828657165933
    endloop
  endfacet
  facet normal -0.16135163090716176 -0.7824639080969242 -0.6014282033038417
    outer loop
      vertex 60.121750331707005 -22.536961508456947 31.086635343323437
      vertex 59.94743322636234 -22.971568104438646 31.698828657165933
      vertex 59.314292732577435 -22.825655797259266 31.67885476371786
    endloop
  endfacet
  facet normal -0.16135163090716392 -0.7824639080969221 -0.6014282033038438
    outer loop
      vertex 60.121750331707005 -22.536961508456947 31.086635343323437
      vertex 59.314292732577435 -22.825655797259266 31.67885476371786
      vertex 59.38454923084859 -22.3670675993841 31.063378615341435
    endloop
  endfacet
  facet normal -0.9994813201201286 0.032019702908289864 -0.0034393831699853715
    outer loop
      vertex 62.19197663540054 -25.86494769158958 32.1062102686441
      vertex 62.171054615899 -26.508229493659904 32.197353205294284
      vertex 62.20166279714655 -24.613930673209882 40.93804261521833
    endloop
  endfacet
  facet normal -0.9739974716201514 0.2244655327941432 -0.03072702173972909
    outer loop
      vertex 62.171054615899 -26.508229493659904 32.197353205294284
      vertex 62.02378323530069 -27.13509016883624 32.28630868320441
      vertex 62.180740777645006 -25.257212475280202 41.029185551868515
    endloop
  endfacet
  facet normal -0.9110834465098857 0.4082852781364447 -0.05683383809592819
    outer loop
      vertex 62.02378323530069 -27.13509016883624 32.28630868320441
      vertex 61.755822050171254 -27.72143981291908 32.36965819324519
      vertex 62.033469397046694 -25.884073150456537 41.11814102977864
    endloop
  endfacet
  facet normal -0.813156995491725 0.5764148492089874 -0.0807565619268847
    outer loop
      vertex 61.755822050171254 -27.72143981291908 32.36965819324519
      vertex 61.37746865858085 -28.244745337914985 32.444198660488716
      vertex 61.76550821191726 -26.470422794539378 41.20149053981943
    endloop
  endfacet
  facet normal -0.6839813771605232 0.7223931208835889 -0.10157585637179088
    outer loop
      vertex 61.37746865858085 -28.244745337914985 32.444198660488716
      vertex 60.903262969185285 -28.68489640597149 32.507065536581585
      vertex 61.387154820326856 -26.993728319535286 41.276031007062954
    endloop
  endfacet
  facet normal -0.9994813201201286 0.032019702908290044 -0.0034393831699854093
    outer loop
      vertex 62.171054615899 -26.508229493659904 32.197353205294284
      vertex 62.180740777645006 -25.257212475280202 41.029185551868515
      vertex 62.20166279714655 -24.613930673209882 40.93804261521833
    endloop
  endfacet
  facet normal -0.9739974716201514 0.22446553279414316 -0.030727021739729087
    outer loop
      vertex 62.02378323530069 -27.13509016883624 32.28630868320441
      vertex 62.033469397046694 -25.884073150456537 41.11814102977864
      vertex 62.180740777645006 -25.257212475280202 41.029185551868515
    endloop
  endfacet
  facet normal -0.9110834465098858 0.4082852781364442 -0.056833838095928076
    outer loop
      vertex 61.755822050171254 -27.72143981291908 32.36965819324519
      vertex 61.76550821191726 -26.470422794539378 41.20149053981943
      vertex 62.033469397046694 -25.884073150456537 41.11814102977864
    endloop
  endfacet
  facet normal -0.813156995491727 0.5764148492089849 -0.08075656192688413
    outer loop
      vertex 61.37746865858085 -28.244745337914985 32.444198660488716
      vertex 61.387154820326856 -26.993728319535286 41.276031007062954
      vertex 61.76550821191726 -26.470422794539378 41.20149053981943
    endloop
  endfacet
  facet normal -0.6839813771605195 0.7223931208835922 -0.10157585637179173
    outer loop
      vertex 60.903262969185285 -28.68489640597149 32.507065536581585
      vertex 60.91294913093129 -27.433879387591787 41.338897883155816
      vertex 61.387154820326856 -26.993728319535286 41.276031007062954
    endloop
  endfacet
  facet normal -0.9865556620034722 -0.16165662620347424 0.02398042896615268
    outer loop
      vertex 62.19197663540054 -25.86494769158958 32.1062102686441
      vertex 62.095431434075074 -23.978948703142546 40.848214791770005
      vertex 62.08574527232907 -25.229965721522245 32.01638244519577
    endloop
  endfacet
  facet normal -0.9357172230628082 -0.34912058182833183 0.05047868666550352
    outer loop
      vertex 62.08574527232907 -25.229965721522245 32.01638244519577
      vertex 61.86612910013819 -23.37666856608589 40.76315411440263
      vertex 61.85644293839218 -24.62768558446559 31.931321767828397
    endloop
  endfacet
  facet normal -0.848919695996113 -0.5231680292825832 0.07503707674506817
    outer loop
      vertex 61.85644293839218 -24.62768558446559 31.931321767828397
      vertex 61.52256775543485 -22.830235549944412 40.686129417244864
      vertex 61.512881593688846 -24.08125256832411 31.854297070670626
    endloop
  endfacet
  facet normal -0.7294986610919262 -0.6771104227675346 0.09671183404660166
    outer loop
      vertex 61.512881593688846 -24.08125256832411 31.854297070670626
      vertex 61.0779502697706 -22.36064876908526 40.62010071621252
      vertex 61.068264108024586 -23.61166578746496 31.78826836963829
    endloop
  endfacet
  facet normal -0.9865556620034722 -0.1616566262034745 0.023980428966152736
    outer loop
      vertex 62.19197663540054 -25.86494769158958 32.1062102686441
      vertex 62.20166279714655 -24.613930673209882 40.93804261521833
      vertex 62.095431434075074 -23.978948703142546 40.848214791770005
    endloop
  endfacet
  facet normal -0.9357172230628119 -0.3491205818283221 0.050478686665501385
    outer loop
      vertex 62.08574527232907 -25.229965721522245 32.01638244519577
      vertex 62.095431434075074 -23.978948703142546 40.848214791770005
      vertex 61.86612910013819 -23.37666856608589 40.76315411440263
    endloop
  endfacet
  facet normal -0.8489196959961078 -0.5231680292825912 0.07503707674507003
    outer loop
      vertex 61.85644293839218 -24.62768558446559 31.931321767828397
      vertex 61.86612910013819 -23.37666856608589 40.76315411440263
      vertex 61.52256775543485 -22.830235549944412 40.686129417244864
    endloop
  endfacet
  facet normal -0.729498661091935 -0.6771104227675256 0.09671183404659946
    outer loop
      vertex 61.512881593688846 -24.08125256832411 31.854297070670626
      vertex 61.52256775543485 -22.830235549944412 40.686129417244864
      vertex 61.0779502697706 -22.36064876908526 40.62010071621252
    endloop
  endfacet
  facet normal -0.5820434017495488 -0.8050318424334182 0.11467000980234304
    outer loop
      vertex 61.068264108024586 -23.61166578746496 31.78826836963829
      vertex 61.0779502697706 -22.36064876908526 40.62010071621252
      vertex 60.54936304377514 -21.98595418014955 40.56760545725697
    endloop
  endfacet
  facet normal -0.528520738086205 0.840610230045375 -0.11849164762072796
    outer loop
      vertex 60.903262969185285 -28.68489640597149 32.507065536581585
      vertex 60.3514284406904 -29.02497825838274 32.555842882731696
      vertex 60.91294913093129 -27.433879387591787 41.338897883155816
    endloop
  endfacet
  facet normal -0.35274934344509123 0.9265231594861573 -0.13085387130247975
    outer loop
      vertex 60.3514284406904 -29.02497825838274 32.555842882731696
      vertex 59.74317176455389 -29.25192174028067 32.588656212881155
      vertex 60.36111460243641 -27.77396124000304 41.38767522930593
    endloop
  endfacet
  facet normal -0.16342198935949012 0.9768303235080631 -0.1381874540937749
    outer loop
      vertex 59.74317176455389 -29.25192174028067 32.588656212881155
      vertex 59.10186790372542 -29.35700554092732 32.60424452915424
      vertex 59.7528579262999 -28.000904721900973 41.420488559455386
    endloop
  endfacet
  facet normal -0.528520738086214 0.8406102300453697 -0.11849164762072642
    outer loop
      vertex 60.3514284406904 -29.02497825838274 32.555842882731696
      vertex 60.36111460243641 -27.77396124000304 41.38767522930593
      vertex 60.91294913093129 -27.433879387591787 41.338897883155816
    endloop
  endfacet
  facet normal -0.3527493434450912 0.9265231594861573 -0.13085387130247977
    outer loop
      vertex 59.74317176455389 -29.25192174028067 32.588656212881155
      vertex 59.7528579262999 -28.000904721900973 41.420488559455386
      vertex 60.36111460243641 -27.77396124000304 41.38767522930593
    endloop
  endfacet
  facet normal -0.16342198935948316 0.9768303235080644 -0.1381874540937756
    outer loop
      vertex 59.7528579262999 -28.000904721900973 41.420488559455386
      vertex 59.10186790372542 -29.35700554092732 32.60424452915424
      vertex 59.111554065471424 -28.10598852254762 41.436076875728475
    endloop
  endfacet
  facet normal -0.5820434017495498 -0.8050318424334174 0.11467000980234285
    outer loop
      vertex 61.068264108024586 -23.61166578746496 31.78826836963829
      vertex 60.54936304377514 -21.98595418014955 40.56760545725697
      vertex 60.53967688202913 -23.236971198529254 31.73577311068273
    endloop
  endfacet
  facet normal -0.4122205408916328 -0.9020163398616479 0.1282214813890629
    outer loop
      vertex 60.53967688202913 -23.236971198529254 31.73577311068273
      vertex 59.957119388108346 -21.720551086058943 40.53066100374017
      vertex 59.94743322636234 -22.971568104438646 31.698828657165933
    endloop
  endfacet
  facet normal -0.22655627582319435 -0.9643368552055857 0.13684547335343686
    outer loop
      vertex 59.94743322636234 -22.971568104438646 31.698828657165933
      vertex 59.32397889432344 -21.574638778879564 40.510687110292096
      vertex 59.314292732577435 -22.825655797259266 31.67885476371786
    endloop
  endfacet
  facet normal -0.41222054089162863 -0.9020163398616498 0.12822148138906347
    outer loop
      vertex 60.53967688202913 -23.236971198529254 31.73577311068273
      vertex 60.54936304377514 -21.98595418014955 40.56760545725697
      vertex 59.957119388108346 -21.720551086058943 40.53066100374017
    endloop
  endfacet
  facet normal -0.22655627582319504 -0.9643368552055854 0.13684547335343678
    outer loop
      vertex 59.94743322636234 -22.971568104438646 31.698828657165933
      vertex 59.957119388108346 -21.720551086058943 40.53066100374017
      vertex 59.32397889432344 -21.574638778879564 40.510687110292096
    endloop
  endfacet
  facet normal -0.7076776490981206 0.12162699226473964 0.6959879450964579
    outer loop
      vertex 62.711781616302936 -25.251121277922444 41.56808120502619
      vertex 62.736079206025266 -24.504052033416936 41.46223321646794
      vertex 62.180740777645006 -25.257212475280202 41.029185551868515
    endloop
  endfacet
  facet normal -0.6985157967993992 -0.01565297484146151 0.7154234172853955
    outer loop
      vertex 62.61270841596533 -23.76662172040932 41.357912522204344
      vertex 62.20166279714655 -24.613930673209882 40.93804261521833
      vertex 62.736079206025266 -24.504052033416936 41.46223321646794
    endloop
  endfacet
  facet normal -0.6896144097757896 0.25803476763727723 0.6766461590225468
    outer loop
      vertex 62.711781616302936 -25.251121277922444 41.56808120502619
      vertex 62.180740777645006 -25.257212475280202 41.029185551868515
      vertex 62.033469397046694 -25.884073150456537 41.11814102977864
    endloop
  endfacet
  facet normal -0.645020238989579 0.3883282769669559 0.6581413530554827
    outer loop
      vertex 62.54074938954513 -25.979120001820746 41.67138880903902
      vertex 62.033469397046694 -25.884073150456537 41.11814102977864
      vertex 61.76550821191726 -26.470422794539378 41.20149053981943
    endloop
  endfacet
  facet normal -0.5756088657141111 0.5075004137596659 0.6411846565109636
    outer loop
      vertex 61.76550821191726 -26.470422794539378 41.20149053981943
      vertex 61.387154820326856 -26.993728319535286 41.276031007062954
      vertex 62.22955519831015 -26.660071622418826 41.76818597521981
    endloop
  endfacet
  facet normal -0.6896144097757891 0.25803476763727573 0.676646159022548
    outer loop
      vertex 62.54074938954513 -25.979120001820746 41.67138880903902
      vertex 62.711781616302936 -25.251121277922444 41.56808120502619
      vertex 62.033469397046694 -25.884073150456537 41.11814102977864
    endloop
  endfacet
  facet normal -0.6450202389895794 0.3883282769669587 0.6581413530554805
    outer loop
      vertex 62.54074938954513 -25.979120001820746 41.67138880903902
      vertex 61.76550821191726 -26.470422794539378 41.20149053981943
      vertex 62.22955519831015 -26.660071622418826 41.76818597521981
    endloop
  endfacet
  facet normal -0.5756088657141116 0.5075004137596564 0.6411846565109707
    outer loop
      vertex 62.22955519831015 -26.660071622418826 41.76818597521981
      vertex 61.387154820326856 -26.993728319535286 41.276031007062954
      vertex 61.790158060847475 -27.267807550819164 41.85475284275668
    endloop
  endfacet
  facet normal -0.48404773009800806 0.6109714596309676 0.6264277057277807
    outer loop
      vertex 61.790158060847475 -27.267807550819164 41.85475284275668
      vertex 61.387154820326856 -26.993728319535286 41.276031007062954
      vertex 60.91294913093129 -27.433879387591787 41.338897883155816
    endloop
  endfacet
  facet normal -0.4840477300980078 0.6109714596309684 0.62642770572778
    outer loop
      vertex 61.790158060847475 -27.267807550819164 41.85475284275668
      vertex 60.91294913093129 -27.433879387591787 41.338897883155816
      vertex 61.23944376273302 -27.77897283611557 41.92776269547747
    endloop
  endfacet
  facet normal -0.7076776490981211 0.12162699226474033 0.6959879450964573
    outer loop
      vertex 62.736079206025266 -24.504052033416936 41.46223321646794
      vertex 62.20166279714655 -24.613930673209882 40.93804261521833
      vertex 62.180740777645006 -25.257212475280202 41.029185551868515
    endloop
  endfacet
  facet normal -0.6985157967993979 -0.015652974841462653 0.7154234172853967
    outer loop
      vertex 62.61270841596533 -23.76662172040932 41.357912522204344
      vertex 62.095431434075074 -23.978948703142546 40.848214791770005
      vertex 62.20166279714655 -24.613930673209882 40.93804261521833
    endloop
  endfacet
  facet normal -0.6624809377254384 -0.1485295415329216 0.7342056812926769
    outer loop
      vertex 62.61270841596533 -23.76662172040932 41.357912522204344
      vertex 62.34641031639799 -23.067169372272787 41.25912810801222
      vertex 62.095431434075074 -23.978948703142546 40.848214791770005
    endloop
  endfacet
  facet normal -0.6624809377254376 -0.14852954153292214 0.7342056812926776
    outer loop
      vertex 62.095431434075074 -23.978948703142546 40.848214791770005
      vertex 62.34641031639799 -23.067169372272787 41.25912810801222
      vertex 61.86612910013819 -23.37666856608589 40.76315411440263
    endloop
  endfacet
  facet normal -0.6009578713018637 -0.27189633586973394 0.7516129452457199
    outer loop
      vertex 61.86612910013819 -23.37666856608589 40.76315411440263
      vertex 61.94741859394793 -22.432574550488827 41.16967620353004
      vertex 61.52256775543485 -22.830235549944412 40.686129417244864
    endloop
  endfacet
  facet normal -0.6009578713018683 -0.27189633586973216 0.7516129452457168
    outer loop
      vertex 62.34641031639799 -23.067169372272787 41.25912810801222
      vertex 61.94741859394793 -22.432574550488827 41.16967620353004
      vertex 61.86612910013819 -23.37666856608589 40.76315411440263
    endloop
  endfacet
  facet normal -0.5163108944688272 -0.38101244113041444 0.7669762577528996
    outer loop
      vertex 61.52256775543485 -22.830235549944412 40.686129417244864
      vertex 61.431066276751764 -21.887224378173727 41.09299439528184
      vertex 61.0779502697706 -22.36064876908526 40.62010071621252
    endloop
  endfacet
  facet normal -0.516310894468814 -0.3810124411304165 0.7669762577529073
    outer loop
      vertex 61.94741859394793 -22.432574550488827 41.16967620353004
      vertex 61.431066276751764 -21.887224378173727 41.09299439528184
      vertex 61.52256775543485 -22.830235549944412 40.686129417244864
    endloop
  endfacet
  facet normal -0.41179294307540765 -0.47168458658283274 0.7797052153304327
    outer loop
      vertex 61.431066276751764 -21.887224378173727 41.09299439528184
      vertex 60.817196494785634 -21.452076356613652 41.03202952215496
      vertex 61.0779502697706 -22.36064876908526 40.62010071621252
    endloop
  endfacet
  facet normal -0.3738554752349233 0.6947650803152752 0.6144376020487181
    outer loop
      vertex 61.23944376273302 -27.77897283611557 41.92776269547747
      vertex 60.36111460243641 -27.77396124000304 41.38767522930593
      vertex 60.59857594559919 -28.173923683058902 41.98440980568651
    endloop
  endfacet
  facet normal -0.3738554752349265 0.694765080315269 0.6144376020487231
    outer loop
      vertex 60.91294913093129 -27.433879387591787 41.338897883155816
      vertex 60.36111460243641 -27.77396124000304 41.38767522930593
      vertex 61.23944376273302 -27.77897283611557 41.92776269547747
    endloop
  endfacet
  facet normal -0.24926672768271912 0.7556611339616758 0.6056751184340524
    outer loop
      vertex 60.36111460243641 -27.77396124000304 41.38767522930593
      vertex 59.7528579262999 -28.000904721900973 41.420488559455386
      vertex 60.59857594559919 -28.173923683058902 41.98440980568651
    endloop
  endfacet
  facet normal -0.24926672768271751 0.7556611339616778 0.6056751184340505
    outer loop
      vertex 60.59857594559919 -28.173923683058902 41.98440980568651
      vertex 59.7528579262999 -28.000904721900973 41.420488559455386
      vertex 59.892182800255625 -28.43748235209211 42.022517256706536
    endloop
  endfacet
  facet normal -0.11506936313964546 0.7913194193794485 0.6004769922150299
    outer loop
      vertex 59.7528579262999 -28.000904721900973 41.420488559455386
      vertex 59.111554065471424 -28.10598852254762 41.436076875728475
      vertex 59.892182800255625 -28.43748235209211 42.022517256706536
    endloop
  endfacet
  facet normal -0.11506936313965235 0.7913194193794427 0.6004769922150358
    outer loop
      vertex 59.892182800255625 -28.43748235209211 42.022517256706536
      vertex 59.111554065471424 -28.10598852254762 41.436076875728475
      vertex 59.147410619128046 -28.559520431369656 42.04062060056574
    endloop
  endfacet
  facet normal -0.4117929430753963 -0.4716845865828323 0.7797052153304388
    outer loop
      vertex 61.0779502697706 -22.36064876908526 40.62010071621252
      vertex 60.817196494785634 -21.452076356613652 41.03202952215496
      vertex 60.54936304377514 -21.98595418014955 40.56760545725697
    endloop
  endfacet
  facet normal -0.2914205833793332 -0.5404282925267567 0.7893106512770895
    outer loop
      vertex 60.54936304377514 -21.98595418014955 40.56760545725697
      vertex 60.817196494785634 -21.452076356613652 41.03202952215496
      vertex 60.12939991950836 -21.143852980243338 40.98912443003416
    endloop
  endfacet
  facet normal -0.29142058337933024 -0.540428292526756 0.7893106512770912
    outer loop
      vertex 60.54936304377514 -21.98595418014955 40.56760545725697
      vertex 60.12939991950836 -21.143852980243338 40.98912443003416
      vertex 59.957119388108346 -21.720551086058943 40.53066100374017
    endloop
  endfacet
  facet normal -0.15981965765813733 -0.5846017768946873 0.7954234340762222
    outer loop
      vertex 60.12939991950836 -21.143852980243338 40.98912443003416
      vertex 59.394108187587065 -20.974399100563033 40.96592793754819
      vertex 59.957119388108346 -21.720551086058943 40.53066100374017
    endloop
  endfacet
  facet normal -0.1598196576581394 -0.5846017768946882 0.795423434076221
    outer loop
      vertex 59.957119388108346 -21.720551086058943 40.53066100374017
      vertex 59.394108187587065 -20.974399100563033 40.96592793754819
      vertex 59.32397889432344 -21.574638778879564 40.510687110292096
    endloop
  endfacet
  facet normal 0.022047515684617443 0.6025074774551451 -0.7978086529129491
    outer loop
      vertex 59.1372110504343 -29.971885595370882 32.140861986724985
      vertex 58.380721684754164 -29.947650460351603 32.13825877970129
      vertex 59.10186790372542 -29.35700554092732 32.60424452915424
    endloop
  endfacet
  facet normal 0.022047515684624725 0.6025074774551393 -0.7978086529129531
    outer loop
      vertex 59.10186790372542 -29.35700554092732 32.60424452915424
      vertex 58.380721684754164 -29.947650460351603 32.13825877970129
      vertex 58.452161805929265 -29.33619134879551 32.602008781298615
    endloop
  endfacet
  facet normal 0.15981965765814138 0.5846017768946852 -0.795423434076223
    outer loop
      vertex 58.452161805929265 -29.33619134879551 32.602008781298615
      vertex 58.380721684754164 -29.947650460351603 32.13825877970129
      vertex 57.64352058389575 -29.777756551278756 32.11500205171928
    endloop
  endfacet
  facet normal 0.15981965765813064 0.5846017768946973 -0.7954234340762162
    outer loop
      vertex 58.452161805929265 -29.33619134879551 32.602008781298615
      vertex 57.64352058389575 -29.777756551278756 32.11500205171928
      vertex 57.81902131214435 -29.19027904161613 32.58203488785055
    endloop
  endfacet
  facet normal -0.023579488933648262 -0.8003696086573756 -0.5990429844671143
    outer loop
      vertex 59.38454923084859 -22.3670675993841 31.063378615341435
      vertex 59.314292732577435 -22.825655797259266 31.67885476371786
      vertex 58.66458663478127 -22.804841605127454 31.676619015862236
    endloop
  endfacet
  facet normal -0.02357948893364299 -0.8003696086573788 -0.5990429844671105
    outer loop
      vertex 59.38454923084859 -22.3670675993841 31.063378615341435
      vertex 58.66458663478127 -22.804841605127454 31.676619015862236
      vertex 58.62805986516845 -22.34283246436482 31.06077540831773
    endloop
  endfacet
  facet normal 0.11506936313964647 -0.7913194193794469 -0.6004769922150316
    outer loop
      vertex 58.62805986516845 -22.34283246436482 31.06077540831773
      vertex 58.66458663478127 -22.804841605127454 31.676619015862236
      vertex 58.0232827739528 -22.9099254057741 31.692207332135325
    endloop
  endfacet
  facet normal 0.11506936313964672 -0.7913194193794472 -0.6004769922150314
    outer loop
      vertex 58.62805986516845 -22.34283246436482 31.06077540831773
      vertex 58.0232827739528 -22.9099254057741 31.692207332135325
      vertex 57.88135369674556 -22.46518744604668 31.078925762038363
    endloop
  endfacet
  facet normal 0.24926672768271899 -0.7556611339616754 -0.605675118434053
    outer loop
      vertex 58.0232827739528 -22.9099254057741 31.692207332135325
      vertex 57.415026097816295 -23.136868887672033 31.725020662284784
      vertex 57.88135369674556 -22.46518744604668 31.078925762038363
    endloop
  endfacet
  facet normal 0.2914205833793343 0.540428292526764 -0.789310651277084
    outer loop
      vertex 57.64352058389575 -29.777756551278756 32.11500205171928
      vertex 56.9539379727379 -29.46873279580041 32.0719855457928
      vertex 57.81902131214435 -29.19027904161613 32.58203488785055
    endloop
  endfacet
  facet normal 0.2914205833793359 0.5404282925267616 -0.7893106512770852
    outer loop
      vertex 57.81902131214435 -29.19027904161613 32.58203488785055
      vertex 56.9539379727379 -29.46873279580041 32.0719855457928
      vertex 57.226777656477566 -28.92487594752552 32.54509043433375
    endloop
  endfacet
  facet normal 0.4117929430753995 0.47168458658283624 -0.7797052153304347
    outer loop
      vertex 57.226777656477566 -28.92487594752552 32.54509043433375
      vertex 56.9539379727379 -29.46873279580041 32.0719855457928
      vertex 56.33847412430502 -29.032454803537078 32.01086236212066
    endloop
  endfacet
  facet normal 0.41179294307540293 0.47168458658282697 -0.7797052153304387
    outer loop
      vertex 57.226777656477566 -28.92487594752552 32.54509043433375
      vertex 56.33847412430502 -29.032454803537078 32.01086236212066
      vertex 56.69819043048211 -28.550181358589814 32.49259517537819
    endloop
  endfacet
  facet normal 0.5163108944688171 0.38101244113041294 -0.766976257752907
    outer loop
      vertex 56.33847412430502 -29.032454803537078 32.01086236212066
      vertex 55.8207809691363 -28.485688493063922 31.9339814303731
      vertex 56.69819043048211 -28.550181358589814 32.49259517537819
    endloop
  endfacet
  facet normal 0.5163108944688168 0.3810124411304144 -0.7669762577529066
    outer loop
      vertex 56.69819043048211 -28.550181358589814 32.49259517537819
      vertex 55.8207809691363 -28.485688493063922 31.9339814303731
      vertex 56.25357294481785 -28.080594577730665 32.42656647434585
    endloop
  endfacet
  facet normal 0.2492667276827179 -0.7556611339616753 -0.6056751184340535
    outer loop
      vertex 57.88135369674556 -22.46518744604668 31.078925762038363
      vertex 57.415026097816295 -23.136868887672033 31.725020662284784
      vertex 57.17312622487477 -22.729430511101107 31.117132168588675
    endloop
  endfacet
  facet normal 0.3738554752349281 -0.6947650803152712 -0.6144376020487198
    outer loop
      vertex 57.17312622487477 -22.729430511101107 31.117132168588675
      vertex 57.415026097816295 -23.136868887672033 31.725020662284784
      vertex 56.863191569321415 -23.476950740083286 31.773798008434895
    endloop
  endfacet
  facet normal 0.3738554752349252 -0.6947650803152714 -0.6144376020487214
    outer loop
      vertex 57.17312622487477 -22.729430511101107 31.117132168588675
      vertex 56.863191569321415 -23.476950740083286 31.773798008434895
      vertex 56.53059423412152 -23.12540694672728 31.17392637719134
    endloop
  endfacet
  facet normal 0.48404773009800683 -0.610971459630971 -0.6264277057277782
    outer loop
      vertex 56.863191569321415 -23.476950740083286 31.773798008434895
      vertex 56.38898587992585 -23.917101808139787 31.83666488452776
      vertex 56.53059423412152 -23.12540694672728 31.17392637719134
    endloop
  endfacet
  facet normal 0.4840477300980084 -0.6109714596309704 -0.6264277057277775
    outer loop
      vertex 56.53059423412152 -23.12540694672728 31.17392637719134
      vertex 56.38898587992585 -23.917101808139787 31.83666488452776
      vertex 55.97844986855438 -23.63789960057023 31.247125818260315
    endloop
  endfacet
  facet normal 0.5756088657141083 -0.5075004137596645 -0.6411846565109672
    outer loop
      vertex 56.38898587992585 -23.917101808139787 31.83666488452776
      vertex 56.010632488335446 -24.440407333135695 31.911205351771283
      vertex 55.97844986855438 -23.63789960057023 31.247125818260315
    endloop
  endfacet
  facet normal 0.03218558012909473 0.9895984460103117 -0.14021057052066382
    outer loop
      vertex 59.10186790372542 -29.35700554092732 32.60424452915424
      vertex 58.452161805929265 -29.33619134879551 32.602008781298615
      vertex 59.111554065471424 -28.10598852254762 41.436076875728475
    endloop
  endfacet
  facet normal 0.22655627582319116 0.9643368552055863 -0.1368454733534365
    outer loop
      vertex 58.452161805929265 -29.33619134879551 32.602008781298615
      vertex 57.81902131214435 -29.19027904161613 32.58203488785055
      vertex 58.46184796767527 -28.08517433041581 41.43384112787285
    endloop
  endfacet
  facet normal 0.41222054089163285 0.9020163398616479 -0.12822148138906297
    outer loop
      vertex 57.81902131214435 -29.19027904161613 32.58203488785055
      vertex 57.226777656477566 -28.92487594752552 32.54509043433375
      vertex 57.82870747389036 -27.93926202323643 41.41386723442478
    endloop
  endfacet
  facet normal 0.032185580129087836 0.9895984460103119 -0.14021057052066335
    outer loop
      vertex 58.452161805929265 -29.33619134879551 32.602008781298615
      vertex 58.46184796767527 -28.08517433041581 41.43384112787285
      vertex 59.111554065471424 -28.10598852254762 41.436076875728475
    endloop
  endfacet
  facet normal 0.22655627582319526 0.9643368552055854 -0.1368454733534367
    outer loop
      vertex 57.81902131214435 -29.19027904161613 32.58203488785055
      vertex 57.82870747389036 -27.93926202323643 41.41386723442478
      vertex 58.46184796767527 -28.08517433041581 41.43384112787285
    endloop
  endfacet
  facet normal -0.03218558012909361 -0.9895984460103117 0.14021057052066377
    outer loop
      vertex 59.314292732577435 -22.825655797259266 31.67885476371786
      vertex 58.67427279652728 -21.55382458674775 40.508451362436475
      vertex 58.66458663478127 -22.804841605127454 31.676619015862236
    endloop
  endfacet
  facet normal 0.16342198935948493 -0.9768303235080642 0.1381874540937751
    outer loop
      vertex 58.66458663478127 -22.804841605127454 31.676619015862236
      vertex 58.032968935698804 -21.6589083873944 40.52403967870956
      vertex 58.0232827739528 -22.9099254057741 31.692207332135325
    endloop
  endfacet
  facet normal 0.3527493434450912 -0.9265231594861572 0.13085387130247994
    outer loop
      vertex 58.0232827739528 -22.9099254057741 31.692207332135325
      vertex 57.4247122595623 -21.885851869292335 40.55685300885902
      vertex 57.415026097816295 -23.136868887672033 31.725020662284784
    endloop
  endfacet
  facet normal -0.032185580129093054 -0.9895984460103117 0.1402105705206638
    outer loop
      vertex 59.314292732577435 -22.825655797259266 31.67885476371786
      vertex 59.32397889432344 -21.574638778879564 40.510687110292096
      vertex 58.67427279652728 -21.55382458674775 40.508451362436475
    endloop
  endfacet
  facet normal 0.16342198935948826 -0.9768303235080636 0.13818745409377528
    outer loop
      vertex 58.66458663478127 -22.804841605127454 31.676619015862236
      vertex 58.67427279652728 -21.55382458674775 40.508451362436475
      vertex 58.032968935698804 -21.6589083873944 40.52403967870956
    endloop
  endfacet
  facet normal 0.35274934344509146 -0.926523159486157 0.1308538713024799
    outer loop
      vertex 58.0232827739528 -22.9099254057741 31.692207332135325
      vertex 58.032968935698804 -21.6589083873944 40.52403967870956
      vertex 57.4247122595623 -21.885851869292335 40.55685300885902
    endloop
  endfacet
  facet normal 0.5820434017495498 0.8050318424334175 -0.11467000980234217
    outer loop
      vertex 57.226777656477566 -28.92487594752552 32.54509043433375
      vertex 56.69819043048211 -28.550181358589814 32.49259517537819
      vertex 57.23646381822357 -27.673858929145823 41.37692278090798
    endloop
  endfacet
  facet normal 0.729498661091927 0.6771104227675339 -0.09671183404660097
    outer loop
      vertex 56.69819043048211 -28.550181358589814 32.49259517537819
      vertex 56.25357294481785 -28.080594577730665 32.42656647434585
      vertex 56.70787659222811 -27.299164340210112 41.32442752195242
    endloop
  endfacet
  facet normal 0.8489196959961143 0.5231680292825811 -0.07503707674506876
    outer loop
      vertex 56.25357294481785 -28.080594577730665 32.42656647434585
      vertex 55.910011600114515 -27.534161561589183 32.34954177718808
      vertex 56.26325910656386 -26.829577559350962 41.258398820920085
    endloop
  endfacet
  facet normal 0.4122205408916287 0.9020163398616498 -0.1282214813890629
    outer loop
      vertex 57.226777656477566 -28.92487594752552 32.54509043433375
      vertex 57.23646381822357 -27.673858929145823 41.37692278090798
      vertex 57.82870747389036 -27.93926202323643 41.41386723442478
    endloop
  endfacet
  facet normal 0.5820434017495535 0.8050318424334151 -0.11467000980234214
    outer loop
      vertex 56.69819043048211 -28.550181358589814 32.49259517537819
      vertex 56.70787659222811 -27.299164340210112 41.32442752195242
      vertex 57.23646381822357 -27.673858929145823 41.37692278090798
    endloop
  endfacet
  facet normal 0.7294986610919317 0.6771104227675288 -0.09671183404660075
    outer loop
      vertex 56.25357294481785 -28.080594577730665 32.42656647434585
      vertex 56.26325910656386 -26.829577559350962 41.258398820920085
      vertex 56.70787659222811 -27.299164340210112 41.32442752195242
    endloop
  endfacet
  facet normal 0.8489196959961078 0.5231680292825914 -0.07503707674506932
    outer loop
      vertex 55.910011600114515 -27.534161561589183 32.34954177718808
      vertex 55.91969776186052 -26.283144543209485 41.18137412376232
      vertex 56.26325910656386 -26.829577559350962 41.258398820920085
    endloop
  endfacet
  facet normal 0.5285207380862137 -0.8406102300453696 0.11849164762072706
    outer loop
      vertex 57.415026097816295 -23.136868887672033 31.725020662284784
      vertex 56.87287773106742 -22.225933721703584 40.60563035500913
      vertex 56.863191569321415 -23.476950740083286 31.773798008434895
    endloop
  endfacet
  facet normal 0.6839813771605199 -0.7223931208835919 0.10157585637179134
    outer loop
      vertex 56.863191569321415 -23.476950740083286 31.773798008434895
      vertex 56.39867204167185 -22.666084789760088 40.668497231101995
      vertex 56.38898587992585 -23.917101808139787 31.83666488452776
    endloop
  endfacet
  facet normal 0.8131569954917269 -0.576414849208985 0.08075656192688417
    outer loop
      vertex 56.38898587992585 -23.917101808139787 31.83666488452776
      vertex 56.02031865008145 -23.189390314755997 40.74303769834552
      vertex 56.010632488335446 -24.440407333135695 31.911205351771283
    endloop
  endfacet
  facet normal 0.5285207380862098 -0.840610230045372 0.11849164762072706
    outer loop
      vertex 57.415026097816295 -23.136868887672033 31.725020662284784
      vertex 57.4247122595623 -21.885851869292335 40.55685300885902
      vertex 56.87287773106742 -22.225933721703584 40.60563035500913
    endloop
  endfacet
  facet normal 0.6839813771605225 -0.7223931208835895 0.10157585637179127
    outer loop
      vertex 56.863191569321415 -23.476950740083286 31.773798008434895
      vertex 56.87287773106742 -22.225933721703584 40.60563035500913
      vertex 56.39867204167185 -22.666084789760088 40.668497231101995
    endloop
  endfacet
  facet normal 0.8131569954917269 -0.576414849208985 0.08075656192688417
    outer loop
      vertex 56.38898587992585 -23.917101808139787 31.83666488452776
      vertex 56.39867204167185 -22.666084789760088 40.668497231101995
      vertex 56.02031865008145 -23.189390314755997 40.74303769834552
    endloop
  endfacet
  facet normal 0.6896144097757859 -0.2580347676372772 -0.6766461590225505
    outer loop
      vertex 55.5953999226077 -25.65361765239487 32.083510339722196
      vertex 55.0544330869655 -25.65982270390885 31.53454187061765
      vertex 55.22590944168891 -24.929933549193315 31.430966002565516
    endloop
  endfacet
  facet normal 0.6009578713018661 0.27189633586973194 -0.7516129452457185
    outer loop
      vertex 56.25357294481785 -28.080594577730665 32.42656647434585
      vertex 55.8207809691363 -28.485688493063922 31.9339814303731
      vertex 55.4207531648592 -27.849445787062347 31.84429724164187
    endloop
  endfacet
  facet normal 0.662480937725434 0.14852954153292122 -0.734205681292681
    outer loop
      vertex 55.910011600114515 -27.534161561589183 32.34954177718808
      vertex 55.15376355565391 -27.148177135914974 31.74525630900442
      vertex 55.68070926617763 -26.93188142453253 32.264481099820706
    endloop
  endfacet
  facet normal 0.6009578713018662 0.2718963358697258 -0.7516129452457209
    outer loop
      vertex 56.25357294481785 -28.080594577730665 32.42656647434585
      vertex 55.4207531648592 -27.849445787062347 31.84429724164187
      vertex 55.910011600114515 -27.534161561589183 32.34954177718808
    endloop
  endfacet
  facet normal 0.6624809377254338 0.14852954153291925 -0.7342056812926817
    outer loop
      vertex 55.910011600114515 -27.534161561589183 32.34954177718808
      vertex 55.4207531648592 -27.849445787062347 31.84429724164187
      vertex 55.15376355565391 -27.148177135914974 31.74525630900442
    endloop
  endfacet
  facet normal 0.6985157967993946 0.01565297484146162 -0.7154234172853998
    outer loop
      vertex 55.68070926617763 -26.93188142453253 32.264481099820706
      vertex 55.03007240247269 -26.408831900609407 31.640664719959226
      vertex 55.57447790310616 -26.296899454465194 32.17465327637238
    endloop
  endfacet
  facet normal 0.7076776490981165 -0.12162699226474025 -0.6959879450964622
    outer loop
      vertex 55.5953999226077 -25.65361765239487 32.083510339722196
      vertex 55.57447790310616 -26.296899454465194 32.17465327637238
      vertex 55.0544330869655 -25.65982270390885 31.53454187061765
    endloop
  endfacet
  facet normal 0.698515796799394 0.01565297484145996 -0.7154234172854007
    outer loop
      vertex 55.68070926617763 -26.93188142453253 32.264481099820706
      vertex 55.15376355565391 -27.148177135914974 31.74525630900442
      vertex 55.03007240247269 -26.408831900609407 31.640664719959226
    endloop
  endfacet
  facet normal 0.7076776490981164 -0.12162699226474048 -0.6959879450964622
    outer loop
      vertex 55.57447790310616 -26.296899454465194 32.17465327637238
      vertex 55.03007240247269 -26.408831900609407 31.640664719959226
      vertex 55.0544330869655 -25.65982270390885 31.53454187061765
    endloop
  endfacet
  facet normal 0.5756088657141102 -0.5075004137596636 -0.6411846565109661
    outer loop
      vertex 56.010632488335446 -24.440407333135695 31.911205351771283
      vertex 55.53791172649595 -24.24721366735196 31.33391747832604
      vertex 55.97844986855438 -23.63789960057023 31.247125818260315
    endloop
  endfacet
  facet normal 0.6450202389895775 -0.388328276966954 -0.6581413530554854
    outer loop
      vertex 55.53791172649595 -24.24721366735196 31.33391747832604
      vertex 55.74267130320601 -25.026756977218536 31.99455486181207
      vertex 55.22590944168891 -24.929933549193315 31.430966002565516
    endloop
  endfacet
  facet normal 0.6450202389895797 -0.3883282769669524 -0.6581413530554842
    outer loop
      vertex 56.010632488335446 -24.440407333135695 31.911205351771283
      vertex 55.74267130320601 -25.026756977218536 31.99455486181207
      vertex 55.53791172649595 -24.24721366735196 31.33391747832604
    endloop
  endfacet
  facet normal 0.6896144097757861 -0.25803476763727695 -0.6766461590225504
    outer loop
      vertex 55.5953999226077 -25.65361765239487 32.083510339722196
      vertex 55.22590944168891 -24.929933549193315 31.430966002565516
      vertex 55.74267130320601 -25.026756977218536 31.99455486181207
    endloop
  endfacet
  facet normal 0.9994813201201286 -0.032019702908289864 0.003439383169985384
    outer loop
      vertex 55.5953999226077 -25.65361765239487 32.083510339722196
      vertex 55.58416406485216 -25.045882436085492 41.00648562294661
      vertex 55.57447790310616 -26.296899454465194 32.17465327637238
    endloop
  endfacet
  facet normal 0.9357172230628112 0.34912058182832395 -0.05047868666550165
    outer loop
      vertex 55.910011600114515 -27.534161561589183 32.34954177718808
      vertex 55.68070926617763 -26.93188142453253 32.264481099820706
      vertex 55.91969776186052 -26.283144543209485 41.18137412376232
    endloop
  endfacet
  facet normal 0.9865556620034722 0.16165662620347448 -0.02398042896615278
    outer loop
      vertex 55.68070926617763 -26.93188142453253 32.264481099820706
      vertex 55.57447790310616 -26.296899454465194 32.17465327637238
      vertex 55.69039542792363 -25.68086440615283 41.096313446394944
    endloop
  endfacet
  facet normal 0.9357172230628119 0.34912058182832223 -0.05047868666550154
    outer loop
      vertex 55.68070926617763 -26.93188142453253 32.264481099820706
      vertex 55.69039542792363 -25.68086440615283 41.096313446394944
      vertex 55.91969776186052 -26.283144543209485 41.18137412376232
    endloop
  endfacet
  facet normal 0.9865556620034722 0.1616566262034742 -0.02398042896615276
    outer loop
      vertex 55.57447790310616 -26.296899454465194 32.17465327637238
      vertex 55.58416406485216 -25.045882436085492 41.00648562294661
      vertex 55.69039542792363 -25.68086440615283 41.096313446394944
    endloop
  endfacet
  facet normal 0.9110834465098858 -0.40828527813644455 0.05683383809592811
    outer loop
      vertex 56.010632488335446 -24.440407333135695 31.911205351771283
      vertex 55.75235746495201 -23.775739958838834 40.82638720838631
      vertex 55.74267130320601 -25.026756977218536 31.99455486181207
    endloop
  endfacet
  facet normal 0.9739974716201514 -0.2244655327941432 0.03072702173972909
    outer loop
      vertex 55.5953999226077 -25.65361765239487 32.083510339722196
      vertex 55.74267130320601 -25.026756977218536 31.99455486181207
      vertex 55.6050860843537 -24.40260063401517 40.91534268629643
    endloop
  endfacet
  facet normal 0.9110834465098849 -0.4082852781364463 0.056833838095928214
    outer loop
      vertex 56.010632488335446 -24.440407333135695 31.911205351771283
      vertex 56.02031865008145 -23.189390314755997 40.74303769834552
      vertex 55.75235746495201 -23.775739958838834 40.82638720838631
    endloop
  endfacet
  facet normal 0.9739974716201514 -0.2244655327941435 0.03072702173972911
    outer loop
      vertex 55.74267130320601 -25.026756977218536 31.99455486181207
      vertex 55.75235746495201 -23.775739958838834 40.82638720838631
      vertex 55.6050860843537 -24.40260063401517 40.91534268629643
    endloop
  endfacet
  facet normal 0.9994813201201286 -0.032019702908289864 0.0034393831699853854
    outer loop
      vertex 55.5953999226077 -25.65361765239487 32.083510339722196
      vertex 55.6050860843537 -24.40260063401517 40.91534268629643
      vertex 55.58416406485216 -25.045882436085492 41.00648562294661
    endloop
  endfacet
  facet normal 0.023579488933647415 0.8003696086573754 0.5990429844671147
    outer loop
      vertex 59.111554065471424 -28.10598852254762 41.436076875728475
      vertex 58.46184796767527 -28.08517433041581 41.43384112787285
      vertex 59.147410619128046 -28.559520431369656 42.04062060056574
    endloop
  endfacet
  facet normal 0.02357948893365088 0.8003696086573772 0.599042984467112
    outer loop
      vertex 59.147410619128046 -28.559520431369656 42.04062060056574
      vertex 58.46184796767527 -28.08517433041581 41.43384112787285
      vertex 58.39288057946413 -28.53534806594464 42.038024135912096
    endloop
  endfacet
  facet normal 0.1613516309071585 0.782463908096925 0.6014282033038416
    outer loop
      vertex 58.46184796767527 -28.08517433041581 41.43384112787285
      vertex 57.82870747389036 -27.93926202323643 41.41386723442478
      vertex 58.39288057946413 -28.53534806594464 42.038024135912096
    endloop
  endfacet
  facet normal 0.16135163090716154 0.7824639080969259 0.6014282033038397
    outer loop
      vertex 57.82870747389036 -27.93926202323643 41.41386723442478
      vertex 57.65758884754284 -28.365894186264335 42.01482764342613
      vertex 58.39288057946413 -28.53534806594464 42.038024135912096
    endloop
  endfacet
  facet normal -0.02204751568461231 -0.6025074774551425 0.797808652912951
    outer loop
      vertex 59.32397889432344 -21.574638778879564 40.510687110292096
      vertex 59.394108187587065 -20.974399100563033 40.96592793754819
      vertex 58.63957814792315 -20.95022673513802 40.96333147289455
    endloop
  endfacet
  facet normal -0.022047515684616173 -0.6025074774551452 0.7978086529129489
    outer loop
      vertex 59.32397889432344 -21.574638778879564 40.510687110292096
      vertex 58.63957814792315 -20.95022673513802 40.96333147289455
      vertex 58.67427279652728 -21.55382458674775 40.508451362436475
    endloop
  endfacet
  facet normal 0.11660133638866686 -0.593457288177214 0.7963746451650278
    outer loop
      vertex 58.67427279652728 -21.55382458674775 40.508451362436475
      vertex 58.63957814792315 -20.95022673513802 40.96333147289455
      vertex 57.89480596679557 -21.07226481441556 40.981434816753755
    endloop
  endfacet
  facet normal 0.11660133638867337 -0.5934572881772076 0.7963746451650319
    outer loop
      vertex 58.67427279652728 -21.55382458674775 40.508451362436475
      vertex 57.89480596679557 -21.07226481441556 40.981434816753755
      vertex 58.032968935698804 -21.6589083873944 40.52403967870956
    endloop
  endfacet
  facet normal 0.25079870093174156 -0.5577990027594378 0.791176518946011
    outer loop
      vertex 58.032968935698804 -21.6589083873944 40.52403967870956
      vertex 57.89480596679557 -21.07226481441556 40.981434816753755
      vertex 57.18841282145201 -21.33582348344877 41.01954226777377
    endloop
  endfacet
  facet normal 0.29295255662835795 0.7382904237289936 0.6075409861029722
    outer loop
      vertex 57.82870747389036 -27.93926202323643 41.41386723442478
      vertex 57.23646381822357 -27.673858929145823 41.37692278090798
      vertex 57.65758884754284 -28.365894186264335 42.01482764342613
    endloop
  endfacet
  facet normal 0.2929525566283601 0.7382904237289938 0.6075409861029709
    outer loop
      vertex 57.65758884754284 -28.365894186264335 42.01482764342613
      vertex 57.23646381822357 -27.673858929145823 41.37692278090798
      vertex 56.969792272265565 -28.05767080989402 41.971922551305326
    endloop
  endfacet
  facet normal 0.41332491632443213 0.6695467177850635 0.6171464220496217
    outer loop
      vertex 57.23646381822357 -27.673858929145823 41.37692278090798
      vertex 56.70787659222811 -27.299164340210112 41.32442752195242
      vertex 56.969792272265565 -28.05767080989402 41.971922551305326
    endloop
  endfacet
  facet normal 0.6024898445508919 0.4697584670719669 0.6452386921343433
    outer loop
      vertex 56.26325910656386 -26.829577559350962 41.258398820920085
      vertex 55.91969776186052 -26.283144543209485 41.18137412376232
      vertex 55.83957017310327 -27.077172616018846 41.83427586993025
    endloop
  endfacet
  facet normal 0.4133249163244306 0.6695467177850636 0.6171464220496227
    outer loop
      vertex 56.969792272265565 -28.05767080989402 41.971922551305326
      vertex 56.70787659222811 -27.299164340210112 41.32442752195242
      vertex 56.35592249029943 -27.622522788333946 41.91095767817845
    endloop
  endfacet
  facet normal 0.5178428677178448 0.5788745723326495 0.6298753796271536
    outer loop
      vertex 56.70787659222811 -27.299164340210112 41.32442752195242
      vertex 56.26325910656386 -26.829577559350962 41.258398820920085
      vertex 56.35592249029943 -27.622522788333946 41.91095767817845
    endloop
  endfacet
  facet normal 0.5178428677178418 0.5788745723326505 0.6298753796271552
    outer loop
      vertex 56.26325910656386 -26.829577559350962 41.258398820920085
      vertex 55.83957017310327 -27.077172616018846 41.83427586993025
      vertex 56.35592249029943 -27.622522788333946 41.91095767817845
    endloop
  endfacet
  facet normal 0.3753874484839484 -0.49690294911303545 0.7824140353313449
    outer loop
      vertex 57.4247122595623 -21.885851869292335 40.55685300885902
      vertex 56.54754500431818 -21.7307743303921 41.076189377982814
      vertex 56.87287773106742 -22.225933721703584 40.60563035500913
    endloop
  endfacet
  facet normal 0.2507987009317439 -0.5577990027594344 0.7911765189460126
    outer loop
      vertex 58.032968935698804 -21.6589083873944 40.52403967870956
      vertex 57.18841282145201 -21.33582348344877 41.01954226777377
      vertex 57.4247122595623 -21.885851869292335 40.55685300885902
    endloop
  endfacet
  facet normal 0.37538744848394956 -0.49690294911303284 0.7824140353313461
    outer loop
      vertex 57.4247122595623 -21.885851869292335 40.55685300885902
      vertex 57.18841282145201 -21.33582348344877 41.01954226777377
      vertex 56.54754500431818 -21.7307743303921 41.076189377982814
    endloop
  endfacet
  facet normal 0.48557970334703265 -0.41310932842874 0.770423931652284
    outer loop
      vertex 56.87287773106742 -22.225933721703584 40.60563035500913
      vertex 55.996830706203724 -22.24193961568851 41.14919923070361
      vertex 56.39867204167185 -22.666084789760088 40.668497231101995
    endloop
  endfacet
  facet normal 0.48557970334703476 -0.4131093284287313 0.7704239316522875
    outer loop
      vertex 56.87287773106742 -22.225933721703584 40.60563035500913
      vertex 56.54754500431818 -21.7307743303921 41.076189377982814
      vertex 55.996830706203724 -22.24193961568851 41.14919923070361
    endloop
  endfacet
  facet normal 0.5771408389631363 -0.30963828255743103 0.755666980869094
    outer loop
      vertex 56.39867204167185 -22.666084789760088 40.668497231101995
      vertex 55.55743356874105 -22.849675544088846 41.23576609824048
      vertex 56.02031865008145 -23.189390314755997 40.74303769834552
    endloop
  endfacet
  facet normal 0.6640129109744616 0.34639167273515437 0.6626459560873842
    outer loop
      vertex 55.91969776186052 -26.283144543209485 41.18137412376232
      vertex 55.69039542792363 -25.68086440615283 41.096313446394944
      vertex 55.440578450653206 -26.44257779423489 41.74482396544807
    endloop
  endfacet
  facet normal 0.7000477700484202 0.2135151060436967 0.6814282200946651
    outer loop
      vertex 55.69039542792363 -25.68086440615283 41.096313446394944
      vertex 55.58416406485216 -25.045882436085492 41.00648562294661
      vertex 55.17428035108587 -25.743125446098354 41.646039551255946
    endloop
  endfacet
  facet normal 0.6024898445508904 0.4697584670719676 0.6452386921343441
    outer loop
      vertex 55.91969776186052 -26.283144543209485 41.18137412376232
      vertex 55.440578450653206 -26.44257779423489 41.74482396544807
      vertex 55.83957017310327 -27.077172616018846 41.83427586993025
    endloop
  endfacet
  facet normal 0.6640129109744609 0.34639167273515487 0.6626459560873844
    outer loop
      vertex 55.69039542792363 -25.68086440615283 41.096313446394944
      vertex 55.17428035108587 -25.743125446098354 41.646039551255946
      vertex 55.440578450653206 -26.44257779423489 41.74482396544807
    endloop
  endfacet
  facet normal 0.5771408389631364 -0.30963828255743 0.7556669808690945
    outer loop
      vertex 56.39867204167185 -22.666084789760088 40.668497231101995
      vertex 55.996830706203724 -22.24193961568851 41.14919923070361
      vertex 55.55743356874105 -22.849675544088846 41.23576609824048
    endloop
  endfacet
  facet normal 0.646552212238606 -0.19046614576471363 0.7387102843245784
    outer loop
      vertex 56.02031865008145 -23.189390314755997 40.74303769834552
      vertex 55.24623937750607 -23.530627164686926 41.33256326442127
      vertex 55.75235746495201 -23.775739958838834 40.82638720838631
    endloop
  endfacet
  facet normal 0.6465522122386069 -0.19046614576471987 0.7387102843245761
    outer loop
      vertex 56.02031865008145 -23.189390314755997 40.74303769834552
      vertex 55.55743356874105 -22.849675544088846 41.23576609824048
      vertex 55.24623937750607 -23.530627164686926 41.33256326442127
    endloop
  endfacet
  facet normal 0.7092096223471451 0.0762351389374942 0.7008636922835999
    outer loop
      vertex 55.6050860843537 -24.40260063401517 40.91534268629643
      vertex 55.05090956102593 -25.005695133090736 41.54171885699235
      vertex 55.58416406485216 -25.045882436085492 41.00648562294661
    endloop
  endfacet
  facet normal 0.691146383024815 -0.06017263643505064 0.7202054783575108
    outer loop
      vertex 55.6050860843537 -24.40260063401517 40.91534268629643
      vertex 55.75235746495201 -23.775739958838834 40.82638720838631
      vertex 55.07520715074826 -24.258625888585232 41.4358708684341
    endloop
  endfacet
  facet normal 0.7000477700484238 0.21351510604369256 0.6814282200946628
    outer loop
      vertex 55.17428035108587 -25.743125446098354 41.646039551255946
      vertex 55.58416406485216 -25.045882436085492 41.00648562294661
      vertex 55.05090956102593 -25.005695133090736 41.54171885699235
    endloop
  endfacet
  facet normal 0.7092096223471462 0.0762351389374923 0.700863692283599
    outer loop
      vertex 55.6050860843537 -24.40260063401517 40.91534268629643
      vertex 55.07520715074826 -24.258625888585232 41.4358708684341
      vertex 55.05090956102593 -25.005695133090736 41.54171885699235
    endloop
  endfacet
  facet normal 0.6911463830248123 -0.06017263643504293 0.720205478357514
    outer loop
      vertex 55.75235746495201 -23.775739958838834 40.82638720838631
      vertex 55.24623937750607 -23.530627164686926 41.33256326442127
      vertex 55.07520715074826 -24.258625888585232 41.4358708684341
    endloop
  endfacet
  facet normal 0.5955031430810658 0.04814395816000599 -0.8019090758142468
    outer loop
      vertex 62.42786487040721 -20.140644012031267 30.7446710431216
      vertex 62.41489814877829 -20.092829937116786 30.73791246558856
      vertex 65.71191480798315 13.076294134241474 35.177663569823906
    endloop
  endfacet
  facet normal 0.5955031430808824 0.048143958160042154 -0.8019090758143808
    outer loop
      vertex 62.40193142714937 -20.04501586220229 30.73115388805553
      vertex 65.71191480798315 13.076294134241474 35.177663569823906
      vertex 62.41489814877829 -20.092829937116786 30.73791246558856
    endloop
  endfacet
  facet normal 0.9948904407186419 -0.10010837527101256 0.013089085807075651
    outer loop
      vertex 62.42786487040721 -20.140644012031267 30.7446710431216
      vertex 65.71191480798315 13.076294134241474 35.177663569823906
      vertex 62.43872379613144 -18.73815856541725 40.645828382330386
    endloop
  endfacet
  facet normal 0.07402255914498677 -0.13453121186004946 0.9881406852129374
    outer loop
      vertex 62.43872379613144 -18.73815856541725 40.645828382330386
      vertex 63.123724356957936 11.664022069260017 44.73364378138228
      vertex 52.78085408839296 -21.304401768022416 41.01992533958896
    endloop
  endfacet
  facet normal 0.258819045102522 0.15110408990419938 -0.9540336765054168
    outer loop
      vertex 65.71191480798315 13.12567855127123 35.18548529307593
      vertex 56.05265654509247 13.57994515692935 32.636981484610665
      vertex 65.71191480798313 13.175062968300988 35.19330701632794
    endloop
  endfacet
  facet normal 0.2588190451025223 0.1511040899042659 -0.9540336765054062
    outer loop
      vertex 65.71191480798315 13.076294134241474 35.177663569823906
      vertex 56.05265654509247 13.57994515692935 32.636981484610665
      vertex 65.71191480798315 13.12567855127123 35.18548529307593
    endloop
  endfacet
  facet normal 0.9659258262890684 -0.04048821886288778 0.25563255317171835
    outer loop
      vertex 65.71191480798315 13.076294134241474 35.177663569823906
      vertex 65.71191480798315 13.12567855127123 35.18548529307593
      vertex 63.12372435695794 11.56525323520074 44.71800033487828
    endloop
  endfacet
  facet normal 0.25851555560245215 0.10311001972675195 -0.9604884337374939
    outer loop
      vertex 62.40193142714937 -20.04501586220229 30.73115388805553
      vertex 56.05265654509247 13.481176322869835 32.62133803810664
      vertex 65.71191480798315 13.076294134241474 35.177663569823906
    endloop
  endfacet
  facet normal 0.2588190451025203 0.1511040899040622 -0.9540336765054391
    outer loop
      vertex 65.71191480798315 13.076294134241474 35.177663569823906
      vertex 56.05265654509247 13.481176322869835 32.62133803810664
      vertex 56.05265654509247 13.57994515692935 32.636981484610665
    endloop
  endfacet
  facet normal 0.9658088761858672 -0.05585247894380483 0.2531673661363651
    outer loop
      vertex 62.43872379613144 -18.73815856541725 40.645828382330386
      vertex 65.71191480798315 13.076294134241474 35.177663569823906
      vertex 63.12372435695794 11.56525323520074 44.71800033487828
    endloop
  endfacet
  facet normal 0.7237596274324547 -0.10794794256001113 0.6815564858439064
    outer loop
      vertex 62.43872379613144 -18.73815856541725 40.645828382330386
      vertex 63.12372435695794 11.614637652230497 44.72582205813029
      vertex 63.123724356957936 11.664022069260017 44.73364378138228
    endloop
  endfacet
  facet normal 0.7237596274296993 -0.10794794256033872 0.6815564858467804
    outer loop
      vertex 62.43872379613144 -18.73815856541725 40.645828382330386
      vertex 63.12372435695794 11.56525323520074 44.71800033487828
      vertex 63.12372435695794 11.614637652230497 44.72582205813029
    endloop
  endfacet
  facet normal 0.9659258262890683 -0.04048821886281465 0.2556325531717303
    outer loop
      vertex 63.12372435695794 11.56525323520074 44.71800033487828
      vertex 65.71191480798315 13.12567855127123 35.18548529307593
      vertex 63.12372435695794 11.614637652230497 44.72582205813029
    endloop
  endfacet
  facet normal -0.0010858925724516809 -0.14024854466129263 -0.9901157339208939
    outer loop
      vertex 62.40193142714937 -20.04501586220229 30.73115388805553
      vertex 62.41489814877829 -20.092829937116786 30.73791246558856
      vertex 52.74406171941089 -22.611259064807456 31.105250845314107
    endloop
  endfacet
  facet normal -0.05102001669879938 0.04658231850509031 -0.9976106682963772
    outer loop
      vertex 62.40193142714937 -20.04501586220229 30.73115388805553
      vertex 52.74406171941089 -22.611259064807456 31.105250845314107
      vertex 56.05265654509247 13.481176322869835 32.62133803810664
    endloop
  endfacet
  facet normal -0.0010858925724516809 -0.14024854466129266 -0.990115733920894
    outer loop
      vertex 52.74406171941089 -22.611259064807456 31.105250845314107
      vertex 62.41489814877829 -20.092829937116786 30.73791246558856
      vertex 52.75702844103981 -22.65907313972195 31.112009422847137
    endloop
  endfacet
  facet normal -0.9657869707738741 -0.25662432026042215 0.03740969572584411
    outer loop
      vertex 52.74406171941089 -22.611259064807456 31.105250845314107
      vertex 52.75702844103981 -22.65907313972195 31.112009422847137
      vertex 52.75492064513511 -21.208773618193447 41.00640818452289
    endloop
  endfacet
  facet normal -0.9657869707738702 -0.2566243202604371 0.0374096957258463
    outer loop
      vertex 52.75492064513511 -21.208773618193447 41.00640818452289
      vertex 52.75702844103981 -22.65907313972195 31.112009422847137
      vertex 52.76788736676403 -21.25658769310794 41.013166762055924
    endloop
  endfacet
  facet normal -0.9997694455740371 0.02138505159744109 -0.0019326833049999118
    outer loop
      vertex 52.74406171941089 -22.611259064807456 31.105250845314107
      vertex 52.75492064513511 -21.208773618193447 41.00640818452289
      vertex 53.46446609406726 12.06890425788856 42.177318249665035
    endloop
  endfacet
  facet normal -0.5166160220721108 -0.01910413347367822 0.8560040407746965
    outer loop
      vertex 53.46446609406726 12.06890425788856 42.177318249665035
      vertex 52.76788736676403 -21.25658769310794 41.013166762055924
      vertex 52.78085408839296 -21.304401768022416 41.01992533958896
    endloop
  endfacet
  facet normal -0.5166160220723188 -0.01910413347366939 0.8560040407745712
    outer loop
      vertex 52.75492064513511 -21.208773618193447 41.00640818452289
      vertex 52.76788736676403 -21.25658769310794 41.013166762055924
      vertex 53.46446609406726 12.06890425788856 42.177318249665035
    endloop
  endfacet
  facet normal -0.7818192111158765 0.09753770074373169 -0.6158288058087044
    outer loop
      vertex 52.74406171941089 -22.611259064807456 31.105250845314107
      vertex 56.05265654509247 13.57994515692935 32.636981484610665
      vertex 56.05265654509247 13.481176322869835 32.62133803810664
    endloop
  endfacet
  facet normal -0.964250630420861 0.09856234152200508 -0.24598005318861063
    outer loop
      vertex 52.74406171941089 -22.611259064807456 31.105250845314107
      vertex 53.46446609406726 12.06890425788856 42.177318249665035
      vertex 56.05265654509247 13.57994515692935 32.636981484610665
    endloop
  endfacet
  facet normal -0.25684641588365104 -0.0282412534943056 0.9660395179539981
    outer loop
      vertex 52.78085408839296 -21.304401768022416 41.01992533958896
      vertex 63.123724356957936 11.664022069260017 44.73364378138228
      vertex 53.46446609406726 12.06890425788856 42.177318249665035
    endloop
  endfacet
endsolid OpenSCAD_Model
